"","UMAP1","UMAP2"
"ADF.Cofilin.slide1_image11.2019_08_29",-3.1304578963246,-0.24108439936283
"ADF.Cofilin.slide1_image12_left.2019_08_29",2.64594309382144,-2.62420697342046
"ADF.Cofilin.slide1_image13.2019_08_29",-3.09247182424326,-1.02809943309057
"ADF.Cofilin.slide1_image14_right.2019_08_29",-2.88586398322688,3.26640232610156
"ADF.Cofilin.slide1_image18_left.2019_08_29",-3.05630539122438,2.23404559309226
"ADF.Cofilin.slide1_image2_left.2019_08_29",3.44032589123596,-3.29768047031545
"ADF.Cofilin.slide1_image2_right.2019_08_29",3.25134549888418,-2.97514227614629
"ADF.Cofilin.slide1_image20_right.2019_08_29",-3.21359416810208,2.93206324444202
"ADF.Cofilin.slide1_image21.2019_08_29",-2.94334187981801,2.27528939672712
"ADF.Cofilin.slide1_image23_left.2019_08_29",-3.53170853960248,-0.491491783993115
"ADF.Cofilin.slide1_image24.2019_08_29",3.81410894838786,-3.30914277751184
"ADF.Cofilin.slide1_image25_right.2019_08_29",-0.546500484301336,4.46530038047254
"ADF.Cofilin.slide1_image26_left.2019_08_29",4.44845740769424,-3.01690780130432
"ADF.Cofilin.slide1_image27.2019_08_29",-0.453944269912834,4.6044212487669
"ADF.Cofilin.slide1_image28_left.2019_08_29",-0.428207617705784,3.98759701595937
"ADF.Cofilin.slide1_image29.2019_08_29",-3.51386886247228,2.13482971081652
"ADF.Cofilin.slide1_image3.2019_08_29",-0.390153869861773,3.81701401683578
"ADF.Cofilin.slide1_image30.2019_08_29",-0.733288903216242,1.6953392578379
"ADF.Cofilin.slide1_image31.2019_08_29",3.91782597958438,-3.54519422105009
"ADF.Cofilin.slide1_image32.2019_08_29",-2.93140210091016,-0.720230201841523
"ADF.Cofilin.slide1_image34.2019_08_29",-0.637701050029053,3.41237373224168
"ADF.Cofilin.slide1_image35.2019_08_29",-2.43087769257167,0.661562498682241
"ADF.Cofilin.slide1_image36.2019_08_29",-3.85548982213948,0.890569127136842
"ADF.Cofilin.slide1_image37.2019_08_29",-2.31553139623369,0.832012350061408
"ADF.Cofilin.slide1_image38.2019_08_29",3.39019513794374,-3.2311577233881
"ADF.Cofilin.slide1_image39_left.2019_08_29",3.31392738615885,-3.23616577405993
"ADF.Cofilin.slide1_image39_right.2019_08_29",3.16786670131481,-2.80445051147339
"ADF.Cofilin.slide1_image4_left.2019_08_29",1.85688969310986,-8.03877787930742
"ADF.Cofilin.slide1_image41.2019_08_29",-0.680268169463871,3.47079194803468
"ADF.Cofilin.slide1_image44.2019_08_29",-0.489011553334116,3.24837475675687
"ADF.Cofilin.slide1_image45_left.2019_08_29",1.89990411478451,-8.0225053727189
"ADF.Cofilin.slide1_image47.2019_08_29",-3.11840436392457,3.67956193718202
"ADF.Cofilin.slide1_image48.2019_08_29",-3.43006650726468,-0.286075248875702
"ADF.Cofilin.slide1_image5_right.2019_08_29",-0.470383533583273,3.21835908491124
"ADF.Cofilin.slide1_image50.2019_08_29",-3.19940612618787,-0.94063779912451
"ADF.Cofilin.slide1_image51.2019_08_29",-3.10088667908944,-0.202891962056346
"ADF.Cofilin.slide1_image52_left.2019_08_29",-3.39295438458412,-0.43281802546633
"ADF.Cofilin.slide1_image52_right.2019_08_29",-2.56473175480448,-0.0730363602068085
"ADF.Cofilin.slide1_image53_right.2019_08_29",2.54618044616417,-2.73067782314612
"ADF.Cofilin.slide1_image9.2019_08_29",-3.45007380549957,-0.188082037537566
"ADF.Cofilin.slide2_image1_left.2019_08_29",3.79397813824076,-3.07179625641744
"ADF.Cofilin.slide2_image1_right.2019_08_29",3.0676614358378,-4.07252720870799
"ADF.Cofilin.slide2_image10.2019_08_29",-2.63720205165965,-0.121404642151592
"ADF.Cofilin.slide2_image11_left.2019_08_29",1.38598934224612,1.636796879849
"ADF.Cofilin.slide2_image13_right.2019_08_29",4.68756042652258,-2.98994358734229
"ADF.Cofilin.slide2_image15.2019_08_29",-3.64915946968449,3.29964728640044
"ADF.Cofilin.slide2_image16.2019_08_29",-0.224382810227719,4.23421852289236
"ADF.Cofilin.slide2_image17_left.2019_08_29",-3.37493084753586,-0.051406211145745
"ADF.Cofilin.slide2_image17_right.2019_08_29",-3.29136371929266,-0.245695805820904
"ADF.Cofilin.slide2_image18.2019_08_29",-3.4699323863193,-0.440596282809637
"ADF.Cofilin.slide2_image19.2019_08_29",4.8788626217084,-3.21668707714562
"ADF.Cofilin.slide2_image2_left.2019_08_29",-0.341003550643572,4.09640482828239
"ADF.Cofilin.slide2_image2_right.2019_08_29",-0.194046122151277,3.61255468774251
"ADF.Cofilin.slide2_image21.2019_08_29",-3.22545459361996,-0.181673495984625
"ADF.Cofilin.slide2_image22.2019_08_29",-2.74312432667394,0.132071393373019
"ADF.Cofilin.slide2_image23_left.2019_08_29",1.02003980944433,-1.020509533998
"ADF.Cofilin.slide2_image23_right.2019_08_29",-1.78462219493593,0.227506365924106
"ADF.Cofilin.slide2_image26_left.2019_08_29",4.31203825415064,-3.89219132725833
"ADF.Cofilin.slide2_image30.2019_08_29",1.36594973241427,-8.24662416400336
"ADF.Cofilin.slide2_image32_right.2019_08_29",3.56499427807285,-2.70930391212717
"ADF.Cofilin.slide2_image4_left.2019_08_29",-2.40300120978643,-0.0731291657117781
"ADF.Cofilin.slide2_image5.2019_08_29",1.95489245721937,-8.18898486426552
"ADF.Cofilin.slide2_image6.2019_08_29",-3.31625768618902,2.01529122541765
"ADF.Cofilin.slide2_image7.2019_08_29",-2.32950336358041,0.729651713163989
"ADF.Cofilin.slide2_image8.2019_08_29",4.17637993180487,-3.78373200470248
"Arhgef8.image1_left.2020_01_10",0.650729007746473,1.28490207723194
"Arhgef8.image10_left.2020_01_10",1.58319573943756,1.86000900843959
"Arhgef8.image11_left.2020_01_10",0.141217629585511,1.66351365825557
"Arhgef8.image16.2020_01_10",-3.54763393918285,2.35297472948829
"Arhgef8.image18.2020_01_10",1.04221523404773,1.26483474949906
"Arhgef8.image2_right.2020_01_10",2.05149494862554,1.00979618787376
"Arhgef8.image6.2020_01_10",0.160151655035906,1.16587053489052
"Arhgef8.nextpart_image10_right.2020_01_10",1.20042047858538,-7.76022105490114
"Arhgef8.nextpart_image13_left.2020_01_10",-3.10822612116968,2.669698220867
"Arhgef8.nextpart_image2.2020_01_10",-0.288318770013002,1.41318392133459
"Arhgef8.nextpart_image5.2020_01_10",0.378325039387374,2.60548152259677
"Arhgef8.nextpart_image6_right.2020_01_10",-3.66132058208412,3.7665481666286
"Arhgef8.nextpart_image9_left.2020_01_10",-3.81833768103519,1.45956010189013
"BMP.slide1_image10.2020_11_05",-2.28393809073596,2.65451824589373
"BMP.slide1_image11_right.2020_11_04",-3.53319410291917,4.01153005506264
"BMP.slide1_image12.2020_11_04",3.53927206062164,-1.61045990854341
"BMP.slide1_image13.2020_11_04",4.14241135552743,-1.92389904115153
"BMP.slide1_image13.2020_11_05",-0.378539685694691,1.3953818387381
"BMP.slide1_image19_left.2020_11_05",-3.30285602682758,3.09311930591314
"BMP.slide1_image19_right.2020_11_05",-0.591095157140079,1.86002425606354
"BMP.slide1_image19.2020_11_04",0.896928046426482,-8.15758400200789
"BMP.slide1_image2.2020_11_05",4.10361418559083,-1.97334155181751
"BMP.slide1_image20.2020_11_05",1.11153159177031,-8.01559157449875
"BMP.slide1_image21.2020_11_05",-3.38582618354806,4.04865127004611
"BMP.slide1_image24.2020_11_05",3.63159691002169,-2.05786387206978
"BMP.slide1_image25_left.2020_11_05",3.65199415755227,-1.69344852828839
"BMP.slide1_image28_left.2020_11_05",-2.56268627522807,2.87375022450821
"BMP.slide1_image6.2020_11_05",-0.862229014859233,2.01360887797094
"BMP.slide1_image9.2020_11_05",0.78415376332345,1.37589278818505
"BMP.slide2_image10_right.2020_11_04",4.50450801014341,-1.93736883544608
"BMP.slide2_image10.2020_11_05",0.347772063191853,-8.25974729066949
"BMP.slide2_image12_left.2020_11_04",0.601347197613659,1.99827535439949
"BMP.slide2_image13.2020_11_04",-4.49350441275791,3.33871982830287
"BMP.slide2_image15_left.2020_11_04",3.378365630377,-2.257325603074
"BMP.slide2_image2_left.2020_11_05",-3.38077839554356,4.02461959831134
"BMP.slide2_image2_right.2020_11_05",4.41998861870177,-1.94445415545942
"BMP.slide2_image2.2020_11_04",3.4356045507816,-2.29089467728314
"BMP.slide2_image20.2020_11_05",3.36059857695577,-1.38940520408093
"BMP.slide2_image22_right.2020_11_04",3.64632912485333,-2.20943473860041
"BMP.slide2_image25_right.2020_11_05",-3.1388391587278,2.98516910408521
"BMP.slide2_image26_right.2020_11_05",4.03912248426152,-1.797098228822
"BMP.slide2_image27.2020_11_04",4.36922165029753,-2.05643964006063
"BMP.slide2_image34.2020_11_04",0.439213187962819,-8.41864249101557
"BMP.slide2_image35.2020_11_04",1.35779321120271,-8.05448853640826
"BMP.slide2_image4.2020_11_04",3.29987184968722,-1.27300751842281
"BMP.slide2_image5.2020_11_04",2.1089555063065,0.472350767968565
"BMP.slide2_image7.2020_11_04",1.05187462676201,-7.81753016080118
"BMP.slide2_image8_right.2020_11_05",4.13265932332648,-2.17158342457669
"Col9a1.image12_left.2020_07_23",-2.12689280681914,0.276443693439049
"Col9a1.image13.2020_07_23",-0.262519942849109,3.87115827410308
"Col9a1.image14.2020_07_23",1.93265822158444,-8.1607276250949
"Col9a1.image15.2020_07_23",-1.0488552130822,3.59263069350848
"Col9a1.image18_left.2020_07_23",4.42974327912384,-3.90756307541377
"Col9a1.image19_left.2020_07_23",-3.5299614553413,3.41228546024681
"Col9a1.image19_right.2020_07_23",-2.94122937392502,0.0628594550045699
"Col9a1.image20.2020_07_23",3.57146112344169,-3.99422042996384
"Col9a1.image7.2020_07_23",4.44867272539269,-3.05655876595379
"Col9a1.image8.2020_07_23",-0.0510290851292545,4.17195019908792
"Daam.slide1_image10.2019_08_29",-2.00043414742078,0.40179474693337
"Daam.slide1_image13.2019_08_29",-2.55645153506041,0.694994772756189
"Daam.slide1_image14_left.2019_08_29",-2.68627974157347,2.70259001951404
"Daam.slide1_image15.2019_08_29",-2.70818994173576,0.115620963612592
"Daam.slide1_image16_right.2019_08_29",-0.789984431969898,4.12369642849109
"Daam.slide1_image17_right.2019_08_29",-0.781343976872886,3.00020955510752
"Daam.slide1_image18_left.2019_08_29",1.05660581569978,-8.36624078652664
"Daam.slide1_image18_right.2019_08_29",4.10044948646202,-3.7049007337637
"Daam.slide1_image19_left.2019_08_29",-3.79275279392705,0.104145751418305
"Daam.slide1_image19_right.2019_08_29",-2.3431444066939,1.21212213718413
"Daam.slide1_image20_left.2019_08_29",-3.32085245291,-0.125530206300375
"Daam.slide1_image21.2019_08_29",-0.543800243761598,3.40660500645566
"Daam.slide1_image24_left.2019_08_29",4.14927356177977,-3.86354335671457
"Daam.slide1_image24_right.2019_08_29",4.14997015628785,-3.74821856526877
"Daam.slide1_image25.2019_08_29",1.42513165114502,1.22149299008003
"Daam.slide1_image26_left.2019_08_29",0.0442073392612288,3.33767222592031
"Daam.slide1_image29_left.2019_08_29",4.08470641467596,-2.99938582836747
"Daam.slide1_image29_right.2019_08_29",-0.207563706619647,3.43912325416573
"Daam.slide1_image30.2019_08_29",-3.30289220544379,-0.495797531223315
"Daam.slide1_image31_left.2019_08_29",1.97700384477326,-8.10071739423926
"Daam.slide1_image32.2019_08_29",0.947835289530219,-1.04173869936947
"Daam.slide1_image4_left.2019_08_29",-1.7338759274658,0.829721238690679
"Daam.slide1_image5_right.2019_08_29",4.04885019070735,-3.9116660351462
"Daam.slide1_image7_left.2019_08_29",-3.27099712360403,0.726414677550044
"Daam.slide1_image9.2019_08_29",-3.37686617961285,-0.833231407486426
"Daam.slide2_image10_right.2019_08_29",1.43275807073778,-8.12776618953427
"Daam.slide2_image11.2019_08_29",-0.707997353406714,4.31372114680444
"Daam.slide2_image13.2019_08_29",-0.622185416846045,3.38190643373418
"Daam.slide2_image14_left.2019_08_29",-2.36555677656873,-0.0332322657924391
"Daam.slide2_image14_right.2019_08_29",-2.9215215859645,-0.091525922175228
"Daam.slide2_image15.2019_08_29",1.42877008079988,0.134608471036093
"Daam.slide2_image16_left.2019_08_29",-3.59785262219266,-0.226216435269502
"Daam.slide2_image16_right.2019_08_29",-3.45874749424203,0.184960397806907
"Daam.slide2_image17_left.2019_08_29",-2.50410028080851,0.123020971553889
"Daam.slide2_image17_right.2019_08_29",-3.56410679559079,-0.404783901554139
"Daam.slide2_image19_left.2019_08_29",-3.48757952042063,-0.151437361806871
"Daam.slide2_image19_right.2019_08_29",-3.42470890030955,-1.01527624403546
"Daam.slide2_image2_left.2019_08_29",1.00862981265847,-8.61465709208883
"Daam.slide2_image2_right.2019_08_29",-2.32990529609133,0.197574134030991
"Daam.slide2_image20_right.2019_08_29",0.951227520473639,-0.912616084307533
"Daam.slide2_image21.2019_08_29",-0.228396848031253,4.56488355148103
"Daam.slide2_image22.2019_08_29",-2.00919085191105,0.617168414439321
"Daam.slide2_image23.2019_08_29",-3.26949514994431,2.79183029873674
"Daam.slide2_image27_right.2019_08_29",1.14906517971447,-8.36992603325964
"Daam.slide2_image3.2019_08_29",-3.56254470125127,0.242724906001308
"Daam.slide2_image30.2019_08_29",4.54223862436709,-3.60141390531875
"Daam.slide2_image31.2019_08_29",3.25571675138199,-4.12708347342497
"Daam.slide2_image4_left.2019_08_29",-0.377073748595887,4.19135062939746
"Daam.slide2_image5.2019_08_29",0.286409015068299,3.03961373582578
"Daam.slide2_image7.2019_08_29",0.16879123483265,1.48717559652057
"Ddr.image1_left.2020_07_23",-0.906946980275682,3.77365962128557
"Ddr.image1_left.2020_07_23.1",-2.37158142853862,0.0644588105746295
"Ddr.image1_right.2020_07_23.1",-2.82256530729872,0.497468989201907
"Ddr.image10.2020_07_23",2.04938903598538,-0.223717629449502
"Ddr.image11.2020_07_23",4.49973326980623,-2.94502503823734
"Ddr.image13_right.2020_07_23",-3.58401920211335,0.64463953997872
"Ddr.image2_left.2020_07_23",4.58125312249723,-3.2123149500322
"Ddr.image3.2020_07_23",0.258402918829523,2.10751109220246
"Ddr.image4.2020_07_23.1",-1.11585233501305,1.3251657405494
"Ddr.image5_left.2020_07_23",-3.13887323664956,0.598623647623297
"Depdc.image1_left.2020_06_17",0.98040564391143,-7.77702921216567
"Depdc.image1_right.2020_06_17",2.3317929076602,-0.429528230497742
"Depdc.image1.2020_01_10",1.26770869755097,2.09015701922076
"Depdc.image1.2020_06_17",3.61705637553067,-3.48974979853375
"Depdc.image10.2020_01_10",1.32658215650311,1.92821600660634
"Depdc.image11_left.2020_01_10",2.03203114035057,1.63344493133232
"Depdc.image13.2020_01_10",1.87546097234531,1.68402945974578
"Depdc.image14_left.2020_01_10",0.95236727781607,-0.450690007786568
"Depdc.image14_right.2020_01_10",1.76459265789984,1.94717259896488
"Depdc.image15_left.2020_01_10",1.66096749623907,1.44650327373977
"Depdc.image15_right.2020_01_10",-3.71887107563026,0.272450943864074
"Depdc.image16_left.2020_01_10",1.62669653723734,1.90755587044054
"Depdc.image17_left.2020_01_10",-0.0311545603970012,1.1355342949227
"Depdc.image18_left.2020_01_10",-1.02882465810992,1.82934813734017
"Depdc.image18_right.2020_01_10",1.84354561437982,1.47193460918298
"Depdc.image19_left.2020_01_10",1.68076730403919,-7.94208984162969
"Depdc.image19_right.2020_01_10",1.84604909799533,1.51479617709641
"Depdc.image2_left.2020_01_10",-4.3704554506527,3.26162139584381
"Depdc.image2_left.2020_06_17",-3.73467796140402,3.28424742728882
"Depdc.image2_right.2020_06_17",-4.38712547976808,3.14257308107175
"Depdc.image21.2020_01_10",1.38510881869748,2.06918596444588
"Depdc.image3_right.2020_06_17",-1.37405647649865,1.9219112171064
"Depdc.image3.2020_06_17",-0.56377165714023,1.39589150607939
"Depdc.image4_right.2020_06_17",-3.27651272110726,2.63941827220232
"Depdc.image4.2020_01_10",1.07440370858552,1.46732405959481
"Depdc.image5.2020_06_17",4.31788789208792,-2.56033551492564
"Depdc.image6_left.2020_06_17",4.50197444674531,-2.82367390586686
"Depdc.image6.2020_01_10",1.76047704351231,0.681636317469499
"Depdc.image6.2020_06_17",0.958817143168472,-8.08571631540804
"Depdc.image7_right.2020_06_17",-1.59686305190906,2.32032009263493
"Depdc.image8_left.2020_06_17",-3.962511617631,2.96185475991875
"Depdc.image8_right.2020_06_17",-0.200606951227758,3.32932229274555
"Depdc.image9_left.2020_01_10",1.85950794510826,1.34037621474382
"Depdc.image9_right.2020_01_10",2.1475915951247,1.05805493882663
"Depdc.slide1_image1.2020_02_06",0.109245731893105,1.97952721323615
"Depdc.slide1_image1.2020_10_06",1.9923573814254,0.229536147910389
"Depdc.slide1_image10.2019_08_29",1.84233839678035,1.67300964370161
"Depdc.slide1_image11.2019_08_29",0.931919363139951,0.953971618916683
"Depdc.slide1_image11.2020_02_06",0.171202311847224,0.799272037870745
"Depdc.slide1_image12.2020_02_06",1.61765404078384,0.559854994293074
"Depdc.slide1_image13.2019_08_29",-0.273218441729117,1.3089607817214
"Depdc.slide1_image13.2020_02_06",0.890571572539462,2.22004711043247
"Depdc.slide1_image14_left.2019_08_29",2.0584148246299,0.86969112557916
"Depdc.slide1_image14.2020_02_06",1.62450956825032,1.68778198007532
"Depdc.slide1_image15_right.2020_02_06",1.40002352688816,1.33694669888653
"Depdc.slide1_image16_left.2019_08_29",1.29449791918965,1.46896926184121
"Depdc.slide1_image16_left.2020_02_06",0.112685026856265,1.42476145291022
"Depdc.slide1_image17.2019_08_29",1.44090312019146,2.01125086467879
"Depdc.slide1_image18_right.2020_02_06",1.39816719269469,1.16723262358776
"Depdc.slide1_image18.2019_08_29",1.13948894335402,1.90511844275572
"Depdc.slide1_image19_left.2020_02_06",1.77233778087888,0.964472716504974
"Depdc.slide1_image19.2019_08_29",2.20331380382184,0.472707575071264
"Depdc.slide1_image2.2020_02_06",1.84110507383849,0.468014967658137
"Depdc.slide1_image20_left.2019_08_29",0.0560006424556811,2.12434985539848
"Depdc.slide1_image20_right.2020_02_06",2.00613336751202,0.901040543916924
"Depdc.slide1_image21_right.2019_08_29",0.947526539078898,1.00749259462319
"Depdc.slide1_image22.2019_08_29",1.17145384867979,1.83398036327474
"Depdc.slide1_image23_right.2019_08_29",1.98769689572251,0.79884945728448
"Depdc.slide1_image24_left.2019_08_29",0.354968529846917,1.57944608319109
"Depdc.slide1_image25_left.2019_08_29",1.85374610803603,0.468397496594131
"Depdc.slide1_image25_right.2019_08_29",2.52961917155644,-0.346095460356887
"Depdc.slide1_image3_left.2019_08_29",1.60372405563454,2.06706382633835
"Depdc.slide1_image3_right.2019_08_29",1.48158382299357,1.97936633840017
"Depdc.slide1_image3_right.2020_10_06",1.52901173427186,0.492445848510186
"Depdc.slide1_image3.2020_02_06",0.996387070361073,1.08726731203849
"Depdc.slide1_image4.2019_08_29",-0.2119722936557,1.47559206580293
"Depdc.slide1_image4.2020_10_06",0.732590616879848,1.17048762806627
"Depdc.slide1_image5_right.2020_10_06",1.91586863382646,0.919342942265233
"Depdc.slide1_image5.2019_08_29",0.525967190137529,2.00110399979013
"Depdc.slide1_image6.2019_08_29",1.2704762316851,1.07351353884556
"Depdc.slide1_image6.2020_10_06",2.1641572763269,0.873242039463759
"Depdc.slide1_image7_right.2020_02_06",1.04389443345643,1.90104536718616
"Depdc.slide1_image8_left.2019_08_29",1.69666370457838,0.970839742731777
"Depdc.slide1_image8_left.2020_02_06",2.62344354821636,-2.7606143414987
"Depdc.slide1_image9.2020_02_06",-0.717831311093734,1.1441115372278
"Depdc.slide1_image9.2020_10_06",0.653335090230309,1.13816480327583
"Depdc.slide2_image1.2019_08_29",1.13250975562201,1.7521854082611
"Depdc.slide2_image1.2020_02_06",1.987887386141,1.01943090193537
"Depdc.slide2_image1.2020_10_06",1.78257374383243,0.452378141333077
"Depdc.slide2_image10_right.2019_08_29",0.866157739540333,1.18489568230715
"Depdc.slide2_image11_left.2020_02_06",2.09965245171759,1.01122314061168
"Depdc.slide2_image12_right.2019_08_29",1.93919056403084,1.52389763577459
"Depdc.slide2_image13.2019_08_29",1.67719680561903,1.52255734874847
"Depdc.slide2_image14.2019_08_29",1.60100282067257,1.43339036375509
"Depdc.slide2_image15.2019_08_29",1.70113092539263,1.93463695663699
"Depdc.slide2_image16.2019_08_29",1.84254390070525,0.611874926502775
"Depdc.slide2_image17.2019_08_29",2.08768402885041,0.580770130297783
"Depdc.slide2_image19_left.2019_08_29",1.71171696487232,0.580970285871508
"Depdc.slide2_image2_left.2020_02_06",1.03227798405673,1.17641277652861
"Depdc.slide2_image2_left.2020_10_06",2.18212498378754,1.53418048239781
"Depdc.slide2_image2_right.2019_08_29",1.49483074259435,1.33241424368352
"Depdc.slide2_image2_right.2020_02_06",0.858710660746926,1.00910463177994
"Depdc.slide2_image20.2019_08_29",0.887322297840499,1.2631085266303
"Depdc.slide2_image21.2019_08_29",0.999849501663139,1.1854896013653
"Depdc.slide2_image3_left.2020_10_06",1.88810160146841,1.9640463888503
"Depdc.slide2_image3_right.2019_08_29",2.06297347966854,1.32614302375259
"Depdc.slide2_image4.2020_10_06",1.26418418954345,0.876276488032729
"Depdc.slide2_image5_right.2020_02_06",1.73546082752993,1.74231600102558
"Depdc.slide2_image5.2019_08_29",0.645750900846393,1.1948547859451
"Depdc.slide2_image6.2019_08_29",1.677041373926,1.24897512453685
"Depdc.slide2_image6.2020_02_06",0.829820369757409,1.85997523102852
"Depdc.slide2_image6.2020_10_06",3.09133306113064,-1.11854808046006
"Depdc.slide2_image7_right.2020_02_06",-0.741327477967994,1.5733073024802
"Depdc.slide2_image7.2019_08_29",0.50916433396452,1.28713106337083
"Depdc.slide2_image8.2019_08_29",1.27839005968383,1.015646450869
"Depdc.slide2_image8.2020_02_06",0.975878703209184,1.56871379100278
"Depdc.slide2_image9.2020_02_06",1.81415506156898,1.34837753628315
"Dync2h.image12.2020_06_17",-1.29436033573956,1.63594863292696
"Dync2h.image13.2020_06_17",-0.702844110020145,4.47002818737081
"Dync2h.image17.2020_06_17",4.08694073209205,-3.68023362777187
"Dync2h.image18.2020_06_17",-0.950558426827182,3.66652428949497
"Dync2h.image19_left.2020_06_17",-1.9554493189945,0.48695175537814
"Dync2h.image20_left.2020_06_17",-3.36392430732929,2.22857613747992
"Dync2h.image20_right.2020_06_17",4.58531592734949,-2.74723807826044
"Dync2h.image3_left.2020_06_17",-2.71435468779044,2.2040050217659
"Dync2h.image3_right.2020_06_17",-1.09823331989901,0.967476029165358
"Dync2h.image4_left.2020_06_17",-2.44875458789624,2.29726795087973
"Dync2h.image4_right.2020_06_17",3.08973269633733,-4.04201953961498
"Dync2h.image5.2020_06_17",-2.49733290270366,1.88560100451545
"Dync2h.image6.2020_06_17",-2.36155491595755,2.32498055294662
"Dync2h.image8.2020_06_17",-0.26713051391274,1.8761376913991
"Dync2h.image9_left.2020_06_17",-0.463780304559966,2.538960855888
"Dync2h.slide1_image1_left.2020_10_07",-3.03293650644097,-0.707443952806688
"Dync2h.slide1_image1_right.2020_10_07",0.973233477557031,-1.06125961743425
"Dync2h.slide1_image11_right.2020_10_07",-3.10948026526167,-0.159349937068927
"Dync2h.slide1_image14.2020_10_07",-2.67945188293195,2.60558240581329
"Dync2h.slide1_image2.2020_10_07",-3.16310698278029,-0.287787620689936
"Dync2h.slide1_image23.2020_10_07",-0.437616603044638,4.16151736371759
"Dync2h.slide1_image27_left.2020_10_07",0.390165048903928,-8.22808917988736
"Dync2h.slide1_image27_right.2020_10_07",3.84221612040947,-2.72547127884865
"Dync2h.slide1_image8.2020_10_07",-2.6566123298512,0.570847865103349
"Dync2h.slide2_image11.2020_10_07",-3.73563920360503,3.38599615387471
"Dync2h.slide2_image16.2020_10_07",2.14187038923205,0.543986733653655
"Dync2h.slide2_image18_left.2020_10_07",4.1941792481441,-3.73186181371707
"Dync2h.slide2_image20_right.2020_10_07",4.32762434400048,-1.89245043437251
"Dync2h.slide2_image8_left.2020_10_07",-3.42125449582643,0.208576218960758
"Dync2h.slide2_image9.2020_10_07",-3.6399439662501,3.31079192481833
"EPB4.1.image1.2020_06_17",4.48023642851926,-2.65532122526719
"EPB4.1.image10_right.2020_06_17",-2.66172298105446,3.51040858820214
"EPB4.1.image11.2020_06_17",-2.2116278332655,0.539815482860307
"EPB4.1.image12.2020_06_17",3.35279130608833,-3.32797123911544
"EPB4.1.image2.2020_06_17",-1.07845661211183,3.42194889287266
"EPB4.1.image3.2020_06_17",3.09580722283961,-4.11100352429838
"EPB4.1.image4.2020_06_17",-0.173494646427502,3.41023289707835
"EPB4.1.image5.2020_06_17",-2.05900731855371,0.551791759105155
"EPB4.1.image7.2020_06_17",-1.60553730507829,0.897657001559489
"EPB4.1.image8.2020_06_17",4.5093685585264,-3.72825034104201
"EPB4.1.image9_left.2020_06_17",1.13545880856485,-8.4153982738604
"EPB4.1.slide1_image10_left.2021_01_06",3.56674770603209,-2.57017880746082
"EPB4.1.slide1_image22_left.2021_01_06",-3.56367796019868,1.94995653751871
"EPB4.1.slide1_image24.2021_01_06",0.224970838089988,1.77766304443507
"EPB4.1.slide1_image26_left.2021_01_06",3.45901932515318,-2.17328889817674
"EPB4.1.slide1_image31_left.2021_01_06",3.42966219088362,-2.21785835081189
"EPB4.1.slide1_image31_right.2021_01_06",4.03011428256333,-2.44731803072322
"EPB4.1.slide1_image34.2021_01_06",0.378574269492979,1.91206714784472
"EPB4.1.slide1_image35.2021_01_06",0.989884175560618,-7.82128675047244
"EPB4.1.slide1_image37_right.2021_01_06",3.5728866358333,-2.50229896468746
"EPB4.1.slide1_image39.2021_01_06",4.43788079096509,-2.44881500621636
"EPB4.1.slide1_image41.2021_01_06",3.60057869738416,-2.73513583687948
"EPB4.1.slide1_image43.2021_01_06",-3.63658641660499,-0.28323438713518
"EPB4.1.slide2_image15.2021_01_06",3.49330821361417,-2.30838603097627
"EPB4.1.slide2_image17.2021_01_06",1.52763452726492,-8.02063500510807
"EPB4.1.slide2_image19.2021_01_06",1.61414426954655,0.205357801568257
"EPB4.1.slide2_image22_left.2021_01_06",3.66244690623554,-2.702314178868
"EPB4.1.slide2_image22_right.2021_01_06",-3.4061365943622,1.04998878744267
"EPB4.1.slide2_image29_left.2021_01_06",3.7848520144304,-1.94162568821379
"EPB4.1.slide2_image32.2021_01_06",-0.176162318485256,4.11092196874442
"Eph.image10_left.2020_06_17",0.609368707834369,-8.46360706245968
"Eph.image11.2020_06_17",-0.923684688498168,1.49721819934124
"Eph.image12_right.2020_06_17",-1.02479902820371,3.71030921891512
"Eph.image13.2020_06_17",3.63639763226451,-3.42676910403075
"Eph.image15.2020_06_17",-1.15974260972357,3.73845179770286
"Eph.image16.2020_06_17",-1.9962160790937,1.57337911042999
"Eph.image4.2020_06_17",0.567058476992624,1.85838533282779
"Eph.image5.2020_06_17",4.50944759523737,-2.72661881835467
"Eph.image8.2020_06_17",4.31325681462176,-2.15401305882403
"Eph.image9.2020_06_17",-0.715564928539135,2.91839695102059
"Eph.slide1_image1_left.2020_02_06",-4.08704687305579,3.19419015784976
"Eph.slide1_image14.2020_02_06",-0.731247759429623,1.60302791658636
"Eph.slide1_image16.2020_02_06",2.97365436874916,-3.06201659174835
"Eph.slide1_image17_left.2020_02_06",-3.65726660768767,2.11179450456794
"Eph.slide1_image19_left.2020_02_06",4.88407727302131,-3.20289584412893
"Eph.slide1_image2.2020_02_06",3.06110448621249,-4.12691338067677
"Eph.slide1_image20_left.2020_02_06",-3.58215097532448,3.40929555852221
"Eph.slide1_image20_right.2020_02_06",-0.775851992678846,2.46728773775858
"Eph.slide1_image23.2020_02_06",3.51154157750016,-3.69130076345704
"Eph.slide1_image24.2020_02_06",4.26646024695114,-2.8862118723506
"Eph.slide1_image27.2020_02_06",-3.00942988592488,2.90518807142083
"Eph.slide1_image29_left.2020_02_06",-3.93365509250958,0.465762428874195
"Eph.slide1_image29_right.2020_02_06",4.58895119644944,-3.71646024947203
"Eph.slide1_image3.2020_02_06",-0.107884015883741,1.61919143926234
"Eph.slide1_image30.2020_02_06",-3.03096618485275,-0.47720876879707
"Eph.slide1_image32.2020_02_06",-3.515944502935,3.29728647666665
"Eph.slide1_image33_right.2020_02_06",4.66748740530971,-3.67061028426505
"Eph.slide1_image35.2020_02_06",4.05097484103019,-3.50968072095448
"Eph.slide1_image36.2020_02_06",3.41207243804504,-2.68875250064487
"Eph.slide1_image37.2020_02_06",4.16423519429473,-2.90792232771304
"Eph.slide1_image4.2020_02_06",-3.78450776203766,4.04732176202697
"Eph.slide1_image5_left.2020_02_06",-3.31148072968145,3.5136088334856
"Eph.slide1_image6.2020_02_06",0.39795434157538,-8.13503631874554
"Eph.slide1_image7_right.2020_02_06",-0.840006127486039,3.42804698391031
"Eph.slide1_image8_right.2020_02_06",-3.27297097324645,3.65792179244638
"Eph.slide1_image9_right.2020_02_06",4.87188365986325,-2.74970701386978
"Eph.slide2_image11_left.2020_02_06",4.2037182864256,-3.56967093916851
"Eph.slide2_image12_right.2020_02_06",4.98189288256174,-2.48239909835684
"Eph.slide2_image18.2020_02_06",-1.89532722294244,0.912048104470494
"Eph.slide2_image19_left.2020_02_06",-0.764669611020257,4.17980412870239
"Eph.slide2_image2_left.2020_02_06",-4.15626119506324,3.1598664880026
"Eph.slide2_image2_right.2020_02_06",4.56637797409612,-2.86351403544645
"Eph.slide2_image21.2020_02_06",-3.44925714158681,3.01246172087445
"Eph.slide2_image22_left.2020_02_06",0.838916064992678,-8.26710494384462
"Eph.slide2_image22_right.2020_02_06",4.56589062430465,-3.26148573753432
"Eph.slide2_image24.2020_02_06",4.53451109336587,-3.01192363785888
"Eph.slide2_image25_left.2020_02_06",3.28330375246509,-2.63243263455872
"Eph.slide2_image26_left.2020_02_06",3.56188707641975,-2.85693506002536
"Eph.slide2_image26_right.2020_02_06",4.33068851153961,-3.91156061671568
"Eph.slide2_image27_right.2020_02_06",-3.38228962559055,3.00145560895969
"Ets.slide1_image1.2020_10_06",2.06900484697614,0.232443273991244
"Ets.slide1_image10_left.2020_10_06",4.40744265796105,-3.409566714584
"Ets.slide1_image11.2020_10_06",-0.325296191621868,4.40084733751833
"Ets.slide1_image13.2020_10_06",-2.93925001791582,2.82520051061377
"Ets.slide1_image14.2020_10_06",-3.38810684742498,0.708528879071641
"Ets.slide1_image15.2020_10_06",-2.93480317404016,-0.216434905342322
"Ets.slide1_image16.2020_10_06",-0.515401157732699,4.04698407929888
"Ets.slide1_image17.2020_10_06",-3.62276651943127,2.56341620566932
"Ets.slide1_image18_right.2020_10_06",-0.578845421248771,4.48123486570465
"Ets.slide1_image19.2020_10_06",-2.04732923505599,0.224532607087668
"Ets.slide1_image2.2020_10_06",-0.815219594101885,4.32994129871614
"Ets.slide1_image21_right.2020_10_06",-2.18539773334079,0.362334907606875
"Ets.slide1_image22.2020_10_06",-3.27331760640442,0.815564791819086
"Ets.slide1_image23.2020_10_06",-3.1409468247891,0.776162743509045
"Ets.slide1_image24.2020_10_06",-3.75681545320904,0.790214035125251
"Ets.slide1_image26.2020_10_06",-3.53294984200104,3.98390711207394
"Ets.slide1_image27.2020_10_06",-3.44026014198356,-0.949491786476989
"Ets.slide1_image28.2020_10_06",-3.74929452646316,0.487798569110783
"Ets.slide1_image29.2020_10_06",-3.73709808505845,0.098300186251465
"Ets.slide1_image3_left.2020_10_06",-3.48970127034323,2.5208441006694
"Ets.slide1_image30.2020_10_06",3.03763435556162,-4.12964221100704
"Ets.slide1_image32_right.2020_10_06",-3.56694038669447,1.96897339455996
"Ets.slide1_image33_right.2020_10_06",1.74105731572844,-7.915467098963
"Ets.slide1_image35.2020_10_06",-2.66901614030545,0.609367953705119
"Ets.slide1_image36.2020_10_06",-3.59934217467587,0.654340813246096
"Ets.slide1_image37.2020_10_06",-2.86774436647077,2.33576609315559
"Ets.slide1_image38.2020_10_06",-0.41615009012693,3.62203250617852
"Ets.slide1_image39_left.2020_10_06",-0.754714679279788,2.68631152230829
"Ets.slide1_image4.2020_10_06",-0.736710764743417,1.4646484118752
"Ets.slide1_image40_left.2020_10_06",-3.74371958393932,-0.140455502390948
"Ets.slide1_image40_right.2020_10_06",-3.65498463627466,2.28415632836162
"Ets.slide1_image42_left.2020_10_06",3.42156891499455,-2.86855654919238
"Ets.slide1_image44_left.2020_10_06",-3.86096362635312,0.492131524146697
"Ets.slide1_image45.2020_10_06",-3.69177875821867,0.263551642429307
"Ets.slide1_image46_right.2020_10_06",-3.78851337663119,0.200839024808866
"Ets.slide1_image47_left.2020_10_06",-2.90092636436887,0.26610404929864
"Ets.slide1_image47_right.2020_10_06",-3.32387920174115,-0.432931553965613
"Ets.slide1_image48.2020_10_06",-3.68254434843391,-0.505253888554347
"Ets.slide1_image49.2020_10_06",-2.90763929631247,-0.594837255921425
"Ets.slide1_image5.2020_10_06",-2.73756385795403,-0.776539826989838
"Ets.slide1_image50_right.2020_10_06",-0.555390474166858,3.97576045699445
"Ets.slide1_image51.2020_10_06",1.10894056358252,-7.77638070895551
"Ets.slide1_image7.2020_10_06",-3.47666960307978,-0.973225612695367
"Ets.slide1_image8_left.2020_10_06",-3.41460442491875,-0.867523908853465
"Ets.slide1_image8_right.2020_10_06",-3.66586410933586,-0.135440954854195
"Ets.slide2_image1.2020_10_06",-3.34146205314741,-0.635102672002632
"Ets.slide2_image10.2020_10_06",0.880015750127907,0.492920229034065
"Ets.slide2_image12_left.2020_10_06",-0.272768126049968,4.32425902729038
"Ets.slide2_image12_right.2020_10_06",-3.59511394780321,0.603697003646664
"Ets.slide2_image13_left.2020_10_06",-3.07792023534737,-0.0822533915175686
"Ets.slide2_image13_right.2020_10_06",-0.990458812819884,4.31071822341278
"Ets.slide2_image14.2020_10_06",-3.60927354693704,-0.450430318303001
"Ets.slide2_image18.2020_10_06",-3.66859096805092,-0.606818114964788
"Ets.slide2_image19.2020_10_06",-3.37537460378171,1.37451999163579
"Ets.slide2_image2.2020_10_06",1.08271433229859,0.622931365519121
"Ets.slide2_image21_left.2020_10_06",-3.6809874479667,-0.285945305614796
"Ets.slide2_image22.2020_10_06",-0.275150468191619,4.0525472451173
"Ets.slide2_image23.2020_10_06",-2.36742577279949,-0.398409117045835
"Ets.slide2_image25_left.2020_10_06",-3.44145282550642,-0.929174075577559
"Ets.slide2_image26.2020_10_06",-3.60851234109227,0.634976906779002
"Ets.slide2_image27_left.2020_10_06",-0.113834788923203,1.68037085661044
"Ets.slide2_image28.2020_10_06",-3.10032093495979,-0.00487731282196613
"Ets.slide2_image29.2020_10_06",0.763265540461643,-1.19256737723018
"Ets.slide2_image30.2020_10_06",0.796261114701134,-0.304896290242692
"Ets.slide2_image31_left.2020_10_06",-3.48533666401265,-0.930956428298118
"Ets.slide2_image31_right.2020_10_06",-3.38404181655278,-0.622119353987607
"Ets.slide2_image32.2020_10_06",-3.01255343616952,-0.0479754934357357
"Ets.slide2_image36_left.2020_10_06",-3.14338898845403,-0.414443962783209
"Ets.slide2_image36_right.2020_10_06",-3.50041793872766,1.57982633144516
"Ets.slide2_image39_left.2020_10_06",-1.16580988885289,1.28169265283331
"Ets.slide2_image39_right.2020_10_06",-2.27730454579118,0.145538159615204
"Ets.slide2_image4.2020_10_06",-3.55680979655761,0.159481205841696
"Ets.slide2_image40.2020_10_06",-3.71634012489528,0.808048199675816
"Ets.slide2_image41_left.2020_10_06",-3.11476061011963,3.52853974774903
"Ets.slide2_image44.2020_10_06",-2.35513226196229,0.130091486468719
"Ets.slide2_image45.2020_10_06",-0.258755365688147,3.27286277618441
"Ets.slide2_image46.2020_10_06",1.45297897409241,1.37655337316227
"Ets.slide2_image48.2020_10_06",1.19708520751027,2.01077555654909
"Ets.slide2_image49_right.2020_10_06",-0.897939906548558,4.19060670297629
"Ets.slide2_image5.2020_10_06",-3.68007537586473,-0.029549922352532
"Ets.slide2_image50_right.2020_10_06",-3.23655857676952,1.21369244658947
"Ets.slide2_image51.2020_10_06",-3.87702377620577,0.527709019591107
"Ets.slide2_image52.2020_10_06",-0.673503266812922,1.91367300028239
"Ets.slide2_image53.2020_10_06",-3.28026176650437,-0.856660415834481
"Ets.slide2_image6.2020_10_06",-3.03573622817355,-0.789031271564797
"Ets.slide2_image7_left.2020_10_06",-2.3213147024749,0.513806344245778
"Ets.slide2_image7_right.2020_10_06",0.85214027472569,0.521449581057656
"Ets.slide2_image9.2020_10_06",-3.82258888171217,0.996381574162816
"Farp.image1_left.2020_01_10",1.07797546178312,-7.83905446062128
"Farp.image1_right.2020_01_10",0.290816748331949,1.94673035457339
"Farp.image1.2020_06_17",3.32874778931357,-3.50553021250677
"Farp.image11.2020_01_10",4.30413285274569,-3.91181296495252
"Farp.image12.2020_01_10",-3.79304589424885,4.15249147318082
"Farp.image12.2020_06_17",-2.31518131884348,2.31695674960466
"Farp.image13_right.2020_01_10",3.79736239311647,-3.43286258362946
"Farp.image14_left.2020_01_10",-2.49373542186598,-0.415585631729489
"Farp.image14.2020_06_17",-3.92318023701013,2.86174131654469
"Farp.image16_left.2020_01_10",-3.90311314953059,4.17820470610223
"Farp.image17.2020_01_10",-3.36469204999161,2.57052899774662
"Farp.image18.2020_01_10",3.26326117056333,-3.22240129022689
"Farp.image19_left.2020_01_10",-2.46785004416296,2.31380481236446
"Farp.image2_right.2020_01_10",-3.53610019318018,3.32515518800884
"Farp.image21.2020_01_10",-0.121475721875211,4.4309478756987
"Farp.image27.2020_01_10",1.00864743435576,0.988592509368053
"Farp.image3.2020_01_10",-4.25025307282512,3.90252246321415
"Farp.image3.2020_06_17",1.01671824608154,-1.05481025649641
"Farp.image4_right.2020_01_10",-3.58680163030632,2.92264628194279
"Farp.image5_left.2020_01_10",4.48191201074968,-3.95345690646213
"Farp.image5_right.2020_01_10",0.0401840119860504,2.06828305116902
"Farp.image5.2020_06_17",4.05246742471798,-3.73952552885251
"Farp.image6.2020_06_17",-2.26820148728954,0.61151710756669
"Farp.image7.2020_01_10",-3.99803870487649,3.05241475535523
"Farp.image8.2020_01_10",-3.46635935409963,3.35051392238341
"Farp.image8.2020_06_17",-0.457210344833907,3.73381205605012
"Farp.image9.2020_01_10",3.828381624155,-2.74686440573472
"Farp.image9.2020_06_17",-0.709960820037074,1.49695268303445
"FGF4.image1.2021_02_24",2.95702233943056,-2.67259120046207
"FGF4.image10.2021_02_24",0.0337578530179696,2.07009680860572
"FGF4.image11_left.2021_02_24",1.01655934826875,-8.57875098144521
"FGF4.image11_right.2021_02_24",2.90226659970633,-2.58672645673624
"FGF4.image13.2021_02_24",4.05191489495522,-2.23032652458456
"FGF4.image16_left.2021_02_24",-0.556941036914912,2.02177028176632
"FGF4.image16_right.2021_02_24",4.09324089637495,-1.84508481090823
"FGF4.image18_left.2021_02_24",3.01058019097272,-2.90192512730949
"FGF4.image18_right.2021_02_24",-0.671678159348461,1.9466841121699
"FGF4.image2_left.2021_02_24",4.13058900107683,-2.82738931542154
"FGF4.image20_left.2021_02_24",4.3614268103278,-3.84260062138435
"FGF4.image24.2021_02_24",-4.01653860292488,2.99269246579847
"FGF4.image25_left.2021_02_24",4.89000389619957,-2.61431658793605
"FGF4.image25_right.2021_02_24",-0.39591431563473,3.79936190497799
"FGF4.image29_left.2021_02_24",3.69451529279552,-3.31279647675884
"FGF4.image29_right.2021_02_24",3.73244588501025,-2.73908932453923
"FGF4.image3.2021_02_24",2.99069594945235,-3.82308287313751
"FGF4.image32_right.2021_02_24",2.99626797584914,-2.58419320943772
"FGF4.image7_right.2021_02_24",0.892350959455551,-8.7252333261023
"Fgfr.slide1_image16.2020_10_06",1.53640983165585,2.06671688752086
"Fgfr.slide1_image19_left.2020_10_06",4.07886206984661,-3.27493094185269
"Fgfr.slide1_image21.2020_10_06",4.40312946601379,-1.90844669060159
"Fgfr.slide1_image3.2020_10_06",2.12022668103284,1.34906584678137
"Fgfr.slide1_image32.2020_10_06",3.37201637218987,-2.29048353508964
"Fgfr.slide1_image36_right.2020_10_06",-3.39527947959845,-0.970326283271227
"Fgfr.slide1_image40_left.2020_10_06",4.16011056440148,-1.8254032792272
"Fgfr.slide1_image7.2020_10_06",-2.96540768962632,-0.421634545178655
"Fgfr.slide1_image9.2020_10_06",-0.556164464681376,1.32635587357883
"Fgfr.slide2_image10.2020_10_06",1.29213682329979,0.444423564887052
"Fgfr.slide2_image16_left.2020_10_06",1.86799228785674,0.727071743189296
"Fgfr.slide2_image24.2020_10_06",0.753274473231807,0.547878147685878
"Fgfr.slide2_image25.2020_10_06",-4.32500683987704,3.09489963891473
"Fgfr.slide2_image30.2020_10_06",-3.79552786519669,2.56459828003001
"Fgfr.slide2_image32.2020_10_06",4.8845078962674,-2.18255164055821
"Fgfr.slide2_image35_left.2020_10_06",3.14691570479401,-3.956639555391
"Fgfr.slide2_image36_left.2020_10_06",3.11969498153514,-2.68358539533399
"Fgfr.slide2_image38_left.2020_10_06",0.39614777614638,0.215698920681782
"Fgfr.slide2_image38_right.2020_10_06",-0.678676698848142,2.24526626373342
"Fgfr.slide2_image40_right.2020_10_06",3.47639338361448,-3.62556823439213
"Fgfr.slide2_image43.2020_10_06",1.14270630428865,-1.14970264276506
"Fgfr.slide2_image46_right.2020_10_06",-4.02039729500933,3.08552308876548
"Fgfr.slide2_image47.2020_10_06",-1.76110452625914,0.980759058837548
"Fgfr.slide2_image51.2020_10_06",3.67849057943709,-1.67771637785872
"Fgfr.slide2_image57.2020_10_06",2.0383677622041,0.316772822964415
"Fgfr.slide2_image58.2020_10_06",-2.6792281609414,0.828192385882587
"Fgfr.slide2_image6.2020_10_06",4.4708835187035,-3.78152976667673
"Fgfr.slide2_image60.2020_10_06",4.52098000818274,-2.04232099464143
"Fgfr.slide2_image63.2020_10_06",3.38521727494362,-1.45322557773918
"Fgfr.slide2_image7.2020_10_06",1.8762725994717,0.453071430143887
"Foxf.image1.2020_07_23",0.144797605234977,1.48989290251535
"Foxf.image10_left.2020_07_23",1.92119461008169,-0.0807131139321382
"Foxf.image10_right.2020_07_14",-2.20728253308862,0.672302040869174
"Foxf.image10_right.2020_07_23",1.14591786113839,0.84503253661444
"Foxf.image11.2020_06_17",1.4051504683389,1.09251885880887
"Foxf.image12.2020_06_17",-3.53349480362957,3.52071697920252
"Foxf.image13_left.2020_06_17",-0.517934675407215,2.74165042751354
"Foxf.image13_right.2020_06_17",-2.49392976142176,2.30549686909635
"Foxf.image14.2020_06_17",0.599543849469419,-8.55631186710744
"Foxf.image2.2020_07_23",0.210580868795525,0.989597770194559
"Foxf.image3.2020_07_14",-0.65914045656198,1.14014791616183
"Foxf.image3.2020_07_23",-2.61280441052118,3.36413241181796
"Foxf.image4.2020_06_17",1.07896269528688,-0.645554990423485
"Foxf.image4.2020_07_14",-3.52141781095448,0.652229266239591
"Foxf.image4.2020_07_23",0.470567320777768,2.13131218015561
"Foxf.image5_left.2020_07_23",-1.30975921332673,2.10682998930714
"Foxf.image5_right.2020_07_23",-0.609505217687136,1.36695581636594
"Foxf.image6.2020_07_14",-0.906194668260523,3.72125943963832
"Foxf.image8_left.2020_07_23",-2.16830953309758,0.438323816475697
"Foxf.image8_right.2020_07_23",-2.03719959975843,0.286165436778937
"Foxf.image9_left.2020_07_14",-2.08065172205007,0.213017928405571
"Foxf.slide1_image1.2020_02_06",1.26482334716344,1.70668267409609
"Foxf.slide1_image10.2020_02_06",3.79306215566625,-3.29919091311062
"Foxf.slide1_image14_left.2020_02_06",1.62071809544808,1.99926757089763
"Foxf.slide1_image14_right.2020_02_06",-3.21181704701043,2.68843172653337
"Foxf.slide1_image15_left.2020_02_06",4.82074701930602,-2.95561969627733
"Foxf.slide1_image15_right.2020_02_06",0.245217704212026,1.19533891016512
"Foxf.slide1_image16.2020_02_06",1.61838018910595,1.55455888021659
"Foxf.slide1_image17.2020_02_06",0.944525233328521,-1.03992321176102
"Foxf.slide1_image18.2020_02_06",2.14263682609416,1.41869002930454
"Foxf.slide1_image19.2020_02_06",1.06587500723331,0.959714976903637
"Foxf.slide1_image20.2020_02_06",0.527404621052774,1.39508004593094
"Foxf.slide1_image21.2020_02_06",0.994781698190482,1.8185828576762
"Foxf.slide1_image22_left.2020_02_06",0.18195219454976,0.854876854349642
"Foxf.slide1_image4.2020_02_06",0.197415793501121,0.898855687196467
"Foxf.slide1_image8.2020_02_06",1.03773507063695,1.8027764312706
"Foxf.slide2_image1.2020_02_06",0.815221285149604,1.79065911250631
"Foxf.slide2_image10.2020_02_06",0.40791786939327,1.26694930029973
"Foxf.slide2_image12_left.2020_02_06",1.54744679353092,1.75000293629113
"Foxf.slide2_image12_right.2020_02_06",0.72840847996594,1.26102452732474
"Foxf.slide2_image13.2020_02_06",0.704062851553075,1.38453446238571
"Foxf.slide2_image15.2020_02_06",0.796569477699665,1.91855399215979
"Foxf.slide2_image16.2020_02_06",0.752878415082206,1.60895465331316
"Foxf.slide2_image20.2020_02_06",1.03343100679732,1.85358273497855
"Foxf.slide2_image21.2020_02_06",1.03529798607375,1.31189368049582
"Foxf.slide2_image22.2020_02_06",1.2513901583123,1.74558973627723
"Foxf.slide2_image25_left.2020_02_06",1.65126058675858,1.58080292665169
"Foxf.slide2_image26.2020_02_06",0.547671992141825,1.25532891381186
"Foxf.slide2_image27_left.2020_02_06",1.63389730241923,0.925567673695411
"Foxf.slide2_image28.2020_02_06",-0.328594376074363,1.69166324905593
"Foxf.slide2_image30_left.2020_02_06",1.97363721263892,0.986351099456979
"Foxf.slide2_image30_right.2020_02_06",-0.204434985225904,1.4151870686504
"Foxf.slide2_image31_left.2020_02_06",1.00346857088782,1.03825538677239
"Foxf.slide2_image32.2020_02_06",0.390876298775296,1.36906566989876
"Foxf.slide2_image4.2020_02_06",1.004736834837,1.09348138475303
"Foxf.slide2_image5.2020_02_06",1.12062812068803,2.09385862570514
"Foxf.slide2_image6.2020_02_06",1.31784487794636,2.0374772343604
"Foxf.slide2_image7.2020_02_06",0.684168137734718,1.86863988084088
"Foxf.slide2_image9.2020_02_06",0.384788242081294,1.51819309355131
"FZD.slide1_image1_right.2020_11_04",-3.81462672762247,2.45435321339012
"FZD.slide1_image1.2020_11_05",3.11954596404416,-3.05261186665068
"FZD.slide1_image10_left.2020_11_04",-3.67097119847088,2.15101218895473
"FZD.slide1_image10.2020_11_05",4.36112742593454,-2.20322017382955
"FZD.slide1_image12.2020_11_04",-0.782209094008705,2.05109222716797
"FZD.slide1_image14.2020_11_05",3.61764779984626,-1.73270344830406
"FZD.slide1_image15_left.2020_11_04",4.19581446365115,-3.35516473001573
"FZD.slide1_image16.2020_11_05",4.6266780464435,-3.0395572755645
"FZD.slide1_image19_right.2020_11_05",1.89619228814421,-8.16260875775496
"FZD.slide1_image21_right.2020_11_05",4.09976912486618,-2.57967489850024
"FZD.slide1_image22.2020_11_05",0.548577914142753,-8.5036775835187
"FZD.slide1_image30_left.2020_11_04",-4.42334846797497,3.20385716109517
"FZD.slide1_image4_left.2020_11_05",4.20353956821388,-3.6790367832836
"FZD.slide1_image4.2020_11_04",4.39769575473245,-3.53139716298497
"FZD.slide1_image9_right.2020_11_04",-0.748230107765337,4.4647321303178
"FZD.slide2_image1.2020_11_04",0.449399656205168,-8.08927639902911
"FZD.slide2_image11.2020_11_04",-4.00029804236163,3.74353648871826
"FZD.slide2_image15_right.2020_11_04",-4.12269279459358,3.77310145603245
"FZD.slide2_image15.2020_11_05",-3.40349447625572,2.21596590179551
"FZD.slide2_image16.2020_11_05",4.16591789264432,-2.19240410099916
"FZD.slide2_image17.2020_11_04",-3.69571890568366,3.18621793274581
"FZD.slide2_image18.2020_11_05",2.99154565728754,-4.13199945138631
"FZD.slide2_image19.2020_11_05",0.590779748224636,-8.57874482347367
"FZD.slide2_image23.2020_11_05",-0.98464714450554,2.14123144726848
"FZD.slide2_image25.2020_11_04",-3.384634650176,1.85650531080779
"FZD.slide2_image25.2020_11_05",0.0610647324036775,1.32144170703644
"FZD.slide2_image27.2020_11_05",4.61951015114214,-3.33858811138073
"FZD.slide2_image28_right.2020_11_05",0.390232141273294,-8.23723461919027
"FZD.slide2_image32.2020_11_05",4.75235112122311,-3.23859497815695
"FZD.slide2_image36_left.2020_11_04",-4.2912733800292,3.19926244807491
"FZD.slide2_image37.2020_11_04",-3.57422469875911,2.50566450978309
"FZD.slide2_image4.2020_11_05",4.4021404482777,-2.34711244170621
"FZD.slide2_image40.2020_11_04",4.81249698637931,-3.23474548854557
"FZD.slide2_image42.2020_11_04",1.61427870935221,2.02544121066074
"FZD.slide2_image7.2020_11_05",-3.829052829202,2.84189962873609
"FZD.slide2_image9.2020_11_05",3.80086900483914,-2.31117558495996
"Gata.image1.2020_06_17.1",3.90311133045522,-1.95943950924449
"Gata.image2_left.2020_06_17",-3.43897957835101,2.2814018901108
"Gata.image2.2020_06_17",-2.85633268421092,2.83042129011457
"Gata.image5.2020_06_17",1.14283296153112,-7.79415603850764
"Gata.image5.2020_06_17.1",4.64455045941561,-3.01896945623962
"Gata.image6_right.2020_06_17",0.102577317365832,0.834787475786425
"Gata.image7_left.2020_06_17",-0.513363448591178,3.94272318331324
"Gata.image7_right.2020_06_17",3.89978368344758,-2.97614068411299
"Gata.slide1_image12.2020_02_06",-0.673475587162079,4.1328252950406
"Gata.slide1_image13.2020_02_06",-0.444971441771143,1.87133772748353
"Gata.slide1_image14_left.2020_02_06",-0.772379877116522,1.48524179610253
"Gata.slide1_image14_right.2020_02_06",1.9276142147217,1.33757714715055
"Gata.slide1_image16_right.2020_02_06",-0.0734239902067273,4.32383439206083
"Gata.slide1_image17.2020_02_06",-1.05701078430452,2.96823074541034
"Gata.slide1_image18_right.2020_02_06",-0.162044717867057,4.26277760505544
"Gata.slide1_image19_left.2020_02_06",-0.24420397317859,4.64162261968334
"Gata.slide1_image19_right.2020_02_06",-3.208157085042,-0.520984913859517
"Gata.slide1_image20_left.2020_02_06",-3.11478130902248,-0.875552858166418
"Gata.slide1_image20_right.2020_02_06",-2.48296271289588,-0.00251908631080122
"Gata.slide1_image5.2020_02_06",-0.212150545148279,4.36102704692538
"Gata.slide1_image9.2020_02_06",-3.47331176275168,0.117750767091723
"Gata.slide2_image1.2020_02_06",-0.322767859487626,3.88840953386402
"Gata.slide2_image11_left.2020_02_06",-2.81148622788273,-0.342300685932075
"Gata.slide2_image11_right.2020_02_06",-0.752039231892084,4.05282892664192
"Gata.slide2_image12_right.2020_02_06",-3.3445202897669,-0.879211165288464
"Gata.slide2_image15_left.2020_02_06",-0.638292327682031,4.38263836838661
"Gata.slide2_image17_left.2020_02_06",3.97533696257823,-3.40579608315438
"Gata.slide2_image17_right.2020_02_06",-2.16259334948351,0.0821928705719364
"Gata.slide2_image18_left.2020_02_06",4.01146964344147,-3.67775274726483
"Gata.slide2_image18_right.2020_02_06",-0.380752726803728,4.65426266312058
"Gata.slide2_image2_left.2020_02_06",0.629480796145879,2.03718841165233
"Gata.slide2_image2_right.2020_02_06",-1.10485112909793,1.6399250096798
"Gata.slide2_image20.2020_02_06",-2.82910355803155,0.131635128383165
"Gata.slide2_image23.2020_02_06",-1.75687510007962,0.99334839404567
"Gata.slide2_image3_left.2020_02_06",1.43527234353769,1.85152295289047
"Gata.slide2_image6.2020_02_06",-0.519448565133938,3.85090958753382
"Gna.L.S.image1.2020_06_17",4.66712775711938,-2.60539924570263
"Gna.L.S.image13.2020_06_17",4.58723963128358,-2.90246076799212
"Gna.L.S.image14_right.2020_06_17",-0.714122693703023,2.13057765520038
"Gna.L.S.image16.2020_06_17",1.05839593364442,-8.30953236084387
"Gna.L.S.image2.2020_06_17",-0.99137289594318,3.72688478265046
"Gna.L.S.image20_right.2020_06_17",3.78720393282394,-3.41553797538512
"Gna.L.S.image4_right.2020_06_17",4.56575497936485,-2.63471191125147
"Gna.L.S.image6_left.2020_06_17",-1.109133536182,2.73793547452684
"Gna.L.S.image7.2020_06_17",-0.870659640986496,2.35787929740273
"Gna.L.S.image8.2020_06_17",4.23682599163205,-3.14196636144472
"Gna.L.S.image9.2020_06_17",1.64671936852738,-7.91368901996375
"Gna.L.S.slide1_image10.2020_10_07",-1.08217879248902,1.72924233884445
"Gna.L.S.slide1_image12.2020_10_07",-2.73771945896815,-0.474100680266303
"Gna.L.S.slide1_image19.2020_10_07",-0.226273948996045,3.53991432225997
"Gna.L.S.slide1_image22_left.2020_10_07",-3.63112382251345,-0.412054499954115
"Gna.L.S.slide1_image25.2020_10_07",-0.719716789245015,4.34224341636542
"Gna.L.S.slide1_image3.2020_10_07",-0.21234877470181,4.0167709648724
"Gna.L.S.slide1_image33.2020_10_07",-3.84422940988945,2.6334952871468
"Gna.L.S.slide1_image37_right.2020_10_07",-0.75524199324637,1.90563209279885
"Gna.L.S.slide1_image4.2020_10_07",-3.8023245313333,0.394691182288867
"Gna.L.S.slide1_image40.2020_10_07",4.83498826034982,-2.91635004382772
"Gna.L.S.slide1_image43.2020_10_07",-2.7691168128716,0.439955815675837
"Gna.L.S.slide1_image45.2020_10_07",-0.0898614218322689,4.62763293908961
"Gna.L.S.slide1_image5_right.2020_10_07",-0.574814024965425,4.62008311473002
"Gna.L.S.slide1_image52.2020_10_07",-2.95540487649129,2.89399483368249
"Gna.L.S.slide1_image8_left.2020_10_07",-0.249209997014056,3.61903290826992
"Gna.L.S.slide1_image9.2020_10_07",-2.55931459133731,2.44995509408205
"Gna.L.S.slide2_image10.2020_10_07",-3.35510742982405,0.612909382069713
"Gna.L.S.slide2_image14.2020_10_07",3.32814074695706,-4.04934072020761
"Gna.L.S.slide2_image21_right.2020_10_07",-0.844954944032264,4.46336954344399
"Gna.L.S.slide2_image28_left.2020_10_07",-3.40505244180116,-0.513800330736792
"Gna.L.S.slide2_image28_right.2020_10_07",3.41034194351732,-3.11576120510182
"Gna.L.S.slide2_image7.2020_10_07",-0.361994509168974,3.76529313371973
"Gna.L.S.slide2_image9.2020_10_07",3.0798182820823,-4.10768292159317
"Gna12.13.image1.2020_06_17",-0.364336340135203,1.2901637047902
"Gna12.13.image12_right.2020_01_10",-4.26792773561598,3.90336126422854
"Gna12.13.image14_left.2020_06_17",3.77172703224348,-1.79114371474138
"Gna12.13.image14_right.2020_06_17",3.58744224072915,-1.83019520841764
"Gna12.13.image15_right.2020_06_17",0.0191438051591952,2.36018466070953
"Gna12.13.image2.2020_06_17",-0.786456446363996,1.92358927251569
"Gna12.13.image3_left.2020_06_17",3.00274132339711,-3.93137735759295
"Gna12.13.image6.2020_01_10",-1.23318853760566,1.82394159744989
"Gna12.13.image7.2020_01_10",-0.366292883060044,2.18640263592521
"Gna12.13.image9.2020_01_10",-0.284914085766791,1.77760188249472
"Gna12.13.slide1_image17.2020_10_06",-2.77391117915617,-1.10494953861
"Gna12.13.slide1_image20.2020_10_06",0.160939560452107,2.04199186516226
"Gna12.13.slide1_image21_left.2020_10_06",1.05896682383732,-7.62494490647298
"Gna12.13.slide1_image30.2020_10_06",-2.7876299688281,0.55409990916678
"Gna12.13.slide1_image38.2020_10_06",3.24901380744659,-3.21416890744224
"Gna12.13.slide1_image39.2020_10_06",4.32612689902263,-1.76139566903777
"Gna12.13.slide2_image10.2020_10_06",-4.23873365239028,3.5890293593332
"Gna12.13.slide2_image18.2020_10_06",-3.59448303483233,2.55626504247797
"Gna12.13.slide2_image22.2020_10_06",-4.26465510002929,3.16596298082649
"Gna12.13.slide2_image23.2020_10_06",1.65363814321714,1.17087401925926
"Gna12.13.slide2_image28.2020_10_06",1.37703916662793,-8.4161257031715
"Gna12.13.slide2_image29.2020_10_06",1.37495918157123,-1.30481937565343
"Gna12.13.slide2_image33_left.2020_10_06",-3.47983144810716,4.08269727829565
"Gna12.13.slide2_image4.2020_10_06",4.74474629717289,-3.72740674574111
"Gna12.13.slide2_image5.2020_10_06",-3.93688884198836,2.45507311537314
"Gna12.13.slide2_image6.2020_10_06",0.387065944410782,-8.3236153360488
"Hand.image1_right.2021_01_12",-2.81691194165572,-0.24341769255627
"Hand.image10.2021_01_12",1.43624462934655,1.23875796556926
"Hand.image11.2021_01_12",0.356121063075893,0.166219736668397
"Hand.image13.2021_01_12",1.55044625717561,-7.97976770615862
"Hand.image17.2021_01_12",1.94447747347457,-8.0753366370859
"Hand.image19.2021_01_12",4.60951428004216,-3.97550532108423
"Hand.image20.2021_01_12",-3.96091785753577,3.68124651185243
"Hand.image21_right.2021_01_12",-0.257459878259194,3.94917359026387
"Hand.image24_right.2021_01_12",4.68944019922226,-3.82241272702908
"Hand.image26_right.2021_01_12",4.96269828717944,-2.48561289486719
"Hand.image29_left.2021_01_12",-3.30690553744922,1.33097837321407
"Hand.image31_right.2021_01_12",-3.28120238751578,-0.181611945981974
"Hand.image33_right.2021_01_12",-3.56083199405816,3.2214627269762
"Hand.image35.2021_01_12",0.686350551806425,-0.248849790217156
"Hand.image38.2021_01_12",-0.608704976136196,4.19899076899075
"Hand.image6_left.2021_01_12",-3.45495224487436,-0.617660769194739
"Hand.image6_right.2021_01_12",-3.08348058374036,-0.512503616691239
"Hand.image7_left.2021_01_12",-2.96035533637871,-0.463581371911001
"Hand.image8_right.2021_01_12",-0.488114639345562,3.61167327839199
"Hand.slide1_image1_left.2021_01_06",3.85990818170004,-2.27089590841061
"Hand.slide1_image13.2021_01_06",-3.34952435671793,2.76173688237666
"Hand.slide1_image16_left.2021_01_06",-4.19185776327953,3.43263771814539
"Hand.slide1_image19.2021_01_06",3.81644664520104,-2.73166746607763
"Hand.slide1_image20.2021_01_06",3.95013116373781,-3.48290790088544
"Hand.slide1_image21_left.2021_01_06",4.7362082087321,-2.05498170276736
"Hand.slide1_image23_left.2021_01_06",-2.54162583177102,-0.141483397469419
"Hand.slide1_image35.2021_01_06",4.46833887052291,-3.70459721663252
"Hand.slide1_image36_left.2021_01_06",3.03972034847617,-2.77252234025032
"Hand.slide1_image38_right.2021_01_06",3.16806158243878,-2.57794596362783
"Hand.slide1_image4_left.2021_01_06",-2.98201856879583,-0.753208778184539
"Hand.slide1_image7.2021_01_06",-0.206523216275456,4.32944499707537
"Hand.slide1_image9.2021_01_06",4.88476644697773,-2.68401872855562
"Hand.slide2_image12.2021_01_06",2.09863521141328,0.961745087525248
"Hand.slide2_image18.2021_01_06",-0.227745243470174,3.86071011312668
"Hand.slide2_image19_left.2021_01_06",-0.566879952346943,1.60976317691647
"Hand.slide2_image19_right.2021_01_06",0.149664313105931,1.47381995367009
"Hand.slide2_image20.2021_01_06",-2.86110687867406,2.33302508562309
"Hand.slide2_image3_left.2021_01_06",2.44231180230535,-0.217989508871373
"Hand.slide2_image30.2021_01_06",4.47076513305992,-2.95989695701758
"Hand.slide2_image36_left.2021_01_06",4.09593771723099,-2.80416568043308
"Hand.slide2_image4.2021_01_06",-4.10885450017493,3.93640285411851
"Hand.slide2_image44.2021_01_06",4.94874479873152,-2.30384345870039
"Hand.slide2_image45_right.2021_01_06",-3.53730616799944,2.53330046897439
"Hand.slide2_image47_right.2021_01_06",4.7145358217019,-2.07443300505869
"Hand.slide2_image7_left.2021_01_06",2.0109104136771,-8.14877624857245
"Handr.image1_left.2021_01_12",-3.77385865877666,3.93899657534855
"Handr.image1_right.2021_01_12",-3.97643216847271,4.09314471121639
"Handr.image11_left.2021_01_12",-3.41337136492269,2.63704474402925
"Handr.image11_right.2021_01_12",-0.695890829890127,1.30978390051437
"Handr.image12.2021_01_12",0.833863792989743,1.57951775542366
"Handr.image13.2021_01_12",0.356531356988035,0.380066407548511
"Handr.image14_right.2021_01_12",0.570165503922672,0.485891464286415
"Handr.image15_left.2021_01_12",0.4551478981636,0.595455070241262
"Handr.image15_right.2021_01_12",0.439233286116585,0.489316856636553
"Handr.image20.2021_01_12",0.668080605030082,-0.0667336708958489
"Handr.image23_left.2021_01_12",1.21017233900182,2.01379967875566
"Handr.image23_right.2021_01_12",-3.38119701792894,3.34328925726185
"Handr.image25_left.2021_01_12",0.60075565193352,0.514930963135403
"Handr.image25_right.2021_01_12",0.309754407955078,0.312901175928701
"Handr.image26.2021_01_12",-0.548377047316501,1.62932886697346
"Handr.image3.2021_01_12",-0.395679590121902,1.72044674697512
"Handr.image30.2021_01_12",1.18263992329482,0.43445957586088
"Handr.image34_left.2021_01_12",0.206212744889478,1.20514261427547
"Handr.image34_right.2021_01_12",1.06635598053681,2.19408011924415
"Handr.image36_left.2021_01_12",1.48845420354715,0.967051307576021
"Handr.image37_right.2021_01_12",-0.0501870695071196,1.40780268395375
"Handr.image38.2021_01_12",0.847494865700952,1.70093787043706
"Handr.image39_right.2021_01_12",0.667307690312482,0.108514378206781
"Handr.image40.2021_01_12",0.661603959653479,-0.129881364085424
"Handr.image5_right.2021_01_12",0.182451232192005,1.54653903614468
"Handr.image6.2021_01_12",0.780252174286146,-0.0827011044584823
"Handr.image7.2021_01_12",0.251737416867411,1.40922797502205
"Handr.image9.2021_01_12",0.204404240166716,0.351732268128891
"Handr.slide1_image12.2021_01_06",1.79988061422043,1.47214138436859
"Handr.slide1_image15_right.2021_01_06",-2.94586238057924,2.60503872317483
"Handr.slide1_image18.2021_01_06",0.414237146490296,0.191333054108868
"Handr.slide1_image19_right.2021_01_06",1.03430552443534,1.61067786688157
"Handr.slide1_image2.2021_01_06",1.09619017876604,1.7755774301385
"Handr.slide1_image26.2021_01_06",2.11963532963893,0.856254220607038
"Handr.slide1_image29.2021_01_06",-0.778176841235751,4.47291725914678
"Handr.slide1_image3.2021_01_06",0.843284065161475,1.7619395043052
"Handr.slide1_image30.2021_01_06",1.22309553922526,-0.199516880956423
"Handr.slide1_image31.2021_01_06",1.22221015296824,-0.113477247945438
"Handr.slide1_image36.2021_01_06",0.938714935158424,1.78864390956815
"Handr.slide1_image37.2021_01_06",0.729015903952448,0.0911354979535105
"Handr.slide1_image44.2021_01_06",0.652066853545629,1.80412078202792
"Handr.slide1_image5.2021_01_06",-0.170167335990917,1.77382790019223
"Handr.slide1_image51.2021_01_06",0.929328508948714,0.499470610894037
"Handr.slide1_image56.2021_01_06",1.07708624326482,0.616349572351466
"Handr.slide1_image7.2021_01_06",0.94921899622717,2.24599786913799
"Handr.slide1_image8.2021_01_06",0.684991445721383,-0.187688321498662
"Handr.slide2_image1.2021_01_06",-3.53336676989194,3.4886442481245
"Handr.slide2_image11.2021_01_06",-2.76659914413074,2.48059840368255
"Handr.slide2_image12.2021_01_06",0.724554526053239,0.192598315863839
"Handr.slide2_image16.2021_01_06",-0.180600468810143,1.77329122323899
"Handr.slide2_image17_right.2021_01_06",-3.29956449598543,3.60107829469571
"Handr.slide2_image21_left.2021_01_06",0.370254719944898,0.697228859720341
"Handr.slide2_image21_right.2021_01_06",-3.17887683622858,-0.398192418751908
"Handr.slide2_image23.2021_01_06",0.22071617654551,0.377911183836814
"Handr.slide2_image5_left.2021_01_06",0.481945705704071,0.351472601782549
"Handr.slide2_image5_right.2021_01_06",-3.52078409969651,2.47589897754566
"Handr.slide2_image9.2021_01_06",-3.47999180749563,1.91383111539123
"MRF.image12.2021_01_12",1.90951391748587,-8.02800147104231
"MRF.image13_left.2021_01_12",0.853283277466287,-0.3863090258433
"MRF.image13_right.2021_01_12",1.07531946942435,-0.994564881258808
"MRF.image15.2021_01_12",3.54854686286561,-3.65105109942662
"MRF.image16.2021_01_12",3.73381432888563,-2.91281062764227
"MRF.image2_right.2021_01_12",3.13518457071488,-3.86027930516389
"MRF.image20.2021_01_12",0.901516028127193,-8.51298110812745
"MRF.image21_left.2021_01_12",-0.577264874654539,2.0775436122546
"MRF.image21_right.2021_01_12",1.36943252160852,-0.896811430945764
"MRF.image22_left.2021_01_12",-3.25848436511885,3.55465714255271
"MRF.image24.2021_01_12",-2.9942580100051,-0.317645650340584
"MRF.image26.2021_01_12",0.663741596639823,-7.84691022342743
"MRF.image27.2021_01_12",0.642837544897038,-8.63349039250257
"MRF.image3.2021_01_12",-4.21188659425864,3.79391239776282
"MRF.image30_left.2021_01_12",-3.62986031392061,3.8353117127844
"MRF.image30_right.2021_01_12",-2.91927065687277,-0.976819988103166
"MRF.image31_right.2021_01_12",-3.99053109960454,3.75844464728854
"MRF.image33_right.2021_01_12",1.87228574898195,-7.99700085999633
"MRF.image35.2021_01_12",-2.11634278263514,-0.0700090272946475
"MRF.image36_left.2021_01_12",2.95619526952983,-3.38669824284245
"MRF.image36_right.2021_01_12",-0.796107044854051,4.55019283556605
"MRF.image38_left.2021_01_12",0.684167937575654,-8.6569041146099
"MRF.image38_right.2021_01_12",-3.88918100644645,4.10682469520804
"MRF.image4_left.2021_01_12",1.026682750908,-8.61560876882726
"MRF.image4_right.2021_01_12",1.04551254568878,-8.69072842778641
"MRF.image6.2021_01_12",1.09156931613887,-8.27265563399011
"MRF.image7_left.2021_01_12",-3.62015297546367,-0.156148830729292
"MRF.image9_left.2021_01_12",-3.85656271277259,4.10383354561468
"MRF.slide1_image11.2021_01_06",1.29558882497574,-8.44752616406969
"MRF.slide1_image12.2021_01_06",-0.51271517065491,1.47468206468348
"MRF.slide1_image13.2021_01_06",-4.41348817700777,3.18970650245782
"MRF.slide1_image19.2021_01_06",0.56111666992533,-8.58411356342335
"MRF.slide1_image20.2021_01_06",3.53541621919812,-2.75206431230516
"MRF.slide1_image23.2021_01_06",-4.18171400339221,4.01142464251132
"MRF.slide1_image24.2021_01_06",1.02094743330159,-0.869542745434432
"MRF.slide1_image27.2021_01_06",-4.30932929218538,3.59680789815476
"MRF.slide1_image29.2021_01_06",0.943688981772586,-1.04679738888525
"MRF.slide1_image3_left.2021_01_06",1.44786824649154,-8.0888349816502
"MRF.slide1_image3_right.2021_01_06",0.835165432189188,-0.97019630058687
"MRF.slide1_image31.2021_01_06",-3.15824993970415,3.12843844114216
"MRF.slide1_image32.2021_01_06",-3.28485762524254,3.5938323815732
"MRF.slide1_image33.2021_01_06",1.87383916972987,-7.99403690137509
"MRF.slide1_image40.2021_01_06",2.9960860953702,-2.0437034537287
"MRF.slide1_image46.2021_01_06",-3.49129204181985,3.97859947505323
"MRF.slide1_image5.2021_01_06",3.07480230658097,-4.09942327453236
"MRF.slide1_image6.2021_01_06",-4.23899250881813,3.95138166067736
"MRF.slide1_image7.2021_01_06",-4.54469208699079,3.24625129445674
"MRF.slide1_image9.2021_01_06",1.05663182198172,-8.55618905003094
"MRF.slide2_image1_left.2021_01_06",0.952970246874831,-0.989500445565262
"MRF.slide2_image1_right.2021_01_06",0.941181363190947,-7.75387974718534
"MRF.slide2_image14.2021_01_06",0.552194650768938,-7.99616010665623
"MRF.slide2_image15.2021_01_06",-3.42717911232972,3.70392046322005
"MRF.slide2_image16.2021_01_06",0.987548077424963,-7.7620082359395
"MRF.slide2_image20.2021_01_06",0.951020607025774,-8.64175346977754
"MRF.slide2_image23.2021_01_06",0.533772551287368,-8.53745071600598
"MRF.slide2_image4.2021_01_06",0.49547918943471,-8.03599575758245
"MRF.slide2_image5.2021_01_06",3.97912947932564,-1.9501234295123
"MRF.slide2_image6.2021_01_06",-4.11638501346121,3.74632439837386
"MRF.slide2_image8.2021_01_06",-3.88908636464235,3.80718628614661
"NDE.image1.2020_06_17",-1.1117084344287,3.70103721933619
"NDE.image12.2020_06_17",-2.33173501082233,0.730275091548269
"NDE.image14.2020_06_17",4.65187465271203,-3.03933681381935
"NDE.image17_left.2020_06_17",0.922108603743018,-0.591566584158887
"NDE.image17_right.2020_06_17",-3.77316261041123,0.535103094151867
"NDE.image18.2020_06_17",-2.33768451207214,1.08418885428948
"NDE.image3_right.2020_06_17",4.37945021941949,-3.05272293639835
"NDE.image9.2020_06_17",-0.549746028236007,4.60444919815777
"Paxillin.image14_left.2020_07_14",-0.743098692578384,1.51750268126418
"Paxillin.image18_left.2020_07_14",-0.41277897549218,3.89930016101071
"Paxillin.image2.2020_07_14",-2.08892718579295,0.474921085942577
"Paxillin.image20.2020_07_14",-1.2499198445974,2.06201696427112
"Paxillin.image4.2020_07_14",-0.599600150907771,3.98014202542442
"Paxillin.slide1_image1_right.2019_08_29",3.84543656777248,-3.50974082615707
"Paxillin.slide1_image10.2019_08_29",4.22413883237246,-3.0528575953963
"Paxillin.slide1_image18.2019_08_29",-3.04988320896246,-0.0642810956041213
"Paxillin.slide1_image25.2019_08_29",-2.77629012772927,-0.320640984152335
"Paxillin.slide1_image3_left.2019_08_29",0.968451573376111,-8.59021487788485
"Paxillin.slide1_image3_right.2019_08_29",4.07173654560761,-3.41232593262422
"Paxillin.slide1_image30_right.2019_08_29",4.63630979279274,-3.86119695782654
"Paxillin.slide1_image4.2019_08_29",3.68891451679218,-4.08190598711827
"Paxillin.slide1_image5.2019_08_29",-3.68348586744543,-0.469760263958234
"Paxillin.slide1_image6.2019_08_29",-3.60996230117845,-0.48376239907988
"Paxillin.slide1_image7.2019_08_29",-3.5269578011023,-0.581380149031769
"Paxillin.slide2_image1.2019_08_29",1.87127140350679,0.644687017660764
"Paxillin.slide2_image15.2019_08_29",-3.19933195589663,0.135819445574233
"Paxillin.slide2_image17.2019_08_29",-0.411190559835705,2.04800993722037
"Paxillin.slide2_image18_left.2019_08_29",-3.09816967755011,-0.21159316003188
"Paxillin.slide2_image18_right.2019_08_29",-1.48950270671426,1.93533916644551
"Paxillin.slide2_image19.2019_08_29",-0.544121492977483,4.02964622397852
"Paxillin.slide2_image2_right.2019_08_29",-2.5095419886206,2.36378950019703
"Paxillin.slide2_image20.2019_08_29",-0.299475300298469,4.26434914320305
"Paxillin.slide2_image21_right.2019_08_29",-3.67136689371914,1.57568147849504
"Paxillin.slide2_image23_left.2019_08_29",-0.308277110267081,4.20496411716576
"Paxillin.slide2_image25.2019_08_29",-0.486459948416528,4.05657654440564
"Paxillin.slide2_image26.2019_08_29",3.13993266221011,-4.09010473785654
"Paxillin.slide2_image3.2019_08_29",-0.140632551272687,4.494039302012
"Paxillin.slide2_image7_left.2019_08_29",-3.71276084412666,2.10600966214276
"Paxillin.slide2_image8_right.2019_08_29",-3.22138242969727,2.59648092713254
"Paxillin.slide2_image9.2019_08_29",0.873983138368294,1.55772368554643
"Rab5.image1_left.2020_07_23",-3.5856755035534,-0.254057350274175
"Rab5.image10.2020_07_23",-2.13697832273983,-0.274233974443925
"Rab5.image11.2020_07_23",0.951875118965018,-1.0519433821585
"Rab5.image12_left.2020_07_23",-1.58499401082458,0.918679590822383
"Rab5.image16_left.2020_07_14",-3.55868956649953,0.280874319386111
"Rab5.image16_left.2020_07_23",1.17343689557912,-8.39280500430684
"Rab5.image16_right.2020_07_23",3.91000133167902,-3.53959651065959
"Rab5.image17_left.2020_07_23",-0.842098352388901,3.28965005229118
"Rab5.image19_left.2020_07_23",-1.76000675483703,1.11183414920587
"Rab5.image2_left.2020_07_14",-0.677487350735807,4.13063076388239
"Rab5.image2.2020_07_23",-1.97127375414549,0.154517940161288
"Rab5.image21_right.2020_07_23",0.875349077043445,-8.00315942419267
"Rab5.image5_left.2020_07_23",-0.786112257321258,4.5457514745298
"Rab5.image6_left.2020_07_23",1.40484510887395,0.617412984619969
"Rab5.image6_right.2020_07_23",1.94557800432555,-8.19996110346901
"Rab5.image7_left.2020_07_23",4.40922610489424,-3.17352793943741
"Rab5.image8_left.2020_07_23",-4.29128547396503,3.93900346997641
"Rab5.image8_right.2020_07_23",0.834350650535843,-0.793062049560502
"Rabep.image12_left.2020_07_14",-2.72510312604062,-0.22647465862754
"Rabep.image13.2020_07_14",-0.611682131562072,4.19844763226211
"Rabep.image18_right.2020_07_14",4.66753609163393,-3.04673393836719
"Rabep.image3.2020_07_14",-3.79783663425897,3.81999261027431
"Rabep.image4.2020_07_14",-3.76690700739036,-0.325673605963405
"Rabep.image5.2020_07_14",-3.75865284889398,3.63157388093467
"Rabep.image6.2020_07_14",-3.27081886063408,0.416885180731019
"Rabep.image8.2020_07_14",4.70104937070768,-3.73610360468391
"Rho.image10_left.2020_06_17",-1.42217219128758,2.35757315435415
"Rho.image11_right.2020_06_17",-4.1189176777821,3.02871289828993
"Rho.image14.2020_06_17",-0.911977724099544,3.52984352181361
"Rho.image16.2020_06_17",-3.70439570001009,3.67627538598175
"Rho.image17_left.2020_06_17",-3.39275143652174,3.63248347796443
"Rho.image17_right.2020_06_17",0.932347443541833,-0.894513907842423
"Rho.image19_right.2020_06_17",0.904578340952902,-8.24543360036414
"Rho.image2_left.2020_06_17",-0.231449214409572,1.44814263034172
"Rho.image2_right.2020_06_17",-0.346271512397528,1.22415092153401
"Rho.image20.2020_06_17",-1.06210891743949,3.77396337963251
"Rho.image6.2020_06_17",-1.68995699544124,2.29134734372173
"Rho.image9.2020_06_17",-0.590329798998514,1.38225625934084
"Rho.slide1_image11.2020_02_06",-1.16382763865024,2.28727650269837
"Rho.slide1_image13_left.2020_02_06",-2.84065110252087,2.31259176944672
"Rho.slide1_image16.2020_02_06",0.696847747055475,1.90848207362156
"Rho.slide1_image24_right.2020_02_06",-2.62630943609983,2.21164022187172
"Rho.slide1_image28_left.2020_02_06",-3.43848447405312,2.99950686009615
"Rho.slide1_image29_left.2020_02_06",-0.866853284071996,2.68956049626164
"Rho.slide1_image3.2020_02_06",-0.0440052337250187,4.32017680544974
"Rho.slide1_image30_left.2020_02_06",1.61474722341448,1.38871157180294
"Rho.slide2_image1.2020_02_06",-0.0719044326499121,3.50629541688552
"Rho.slide2_image13_right.2020_02_06",-3.7501666210125,3.69496026099947
"Rho.slide2_image19.2020_02_06",3.81559168350819,-3.37778831482319
"Rho.slide2_image20_left.2020_02_06",3.55083088589907,-3.30600942879593
"Rho.slide2_image21.2020_02_06",-3.27547556314856,3.61961041219149
"Rho.slide2_image22.2020_02_06",4.86695874671156,-2.58033895974766
"Rho.slide2_image3.2020_02_06",-0.556737075130636,0.949184121942624
"Rho.slide2_image5.2020_02_06",4.75086728088801,-3.72413708482385
"Rho.slide2_image6_left.2020_02_06",-2.70433704985149,2.96715317017596
"Rho.slide2_image9.2020_02_06",1.77989546730253,0.646744965623109
"RNF149.image10.2021_02_24",-3.36295735575588,2.62581102473925
"RNF149.image14_left.2021_02_24",-3.23987443169935,3.73348785011196
"RNF149.image14_right.2021_02_24",-0.37575306666585,4.68744651748311
"RNF149.image18_left.2021_02_24",1.22612136758182,2.02550397681533
"RNF149.image19.2021_02_24",-3.63903445233348,3.50417617773874
"RNF149.image2_right.2021_02_24",-0.492817275615347,2.49899481546069
"RNF149.image22_right.2021_02_24",-3.87989856360657,0.883845968134306
"RNF149.image26.2021_02_24",1.55418734489365,-7.84397341811009
"RNF149.image27_right.2021_02_24",-3.23728313299774,2.81118337532454
"RNF149.image29.2021_02_24",-0.399622498686012,3.76385354714832
"RNF149.image31_left.2021_02_24",-0.0645683966772346,4.57334196277354
"RNF149.image32_right.2021_02_24",-0.507409209802532,2.70042314927985
"RNF149.image33_left.2021_02_24",-0.466112175631928,4.44044231545645
"RNF149.image35.2021_02_24",-2.05903007682646,0.276461541873111
"RNF149.image38.2021_02_24",-3.28644770005415,-0.245844536705382
"RNF149.image4.2021_02_24",-3.87193282395446,0.632831470051277
"RNF149.image45_right.2021_02_24",-3.3223651006049,-0.426592584400878
"RNF149.image46.2021_02_24",-2.26967652590576,1.1136389602458
"RNF149.image5_left.2021_02_24",-0.587361878429987,1.59446549475638
"RNF149.image50_left.2021_02_24",4.95162933157579,-2.28793021868874
"RNF149.image50_right.2021_02_24",-0.131741331027403,2.87254987746773
"RNF149.image7.2021_02_24",-0.875718885744535,3.81160099782605
"RNF149.image8_right.2021_02_24",-3.08453277013791,2.88083295115385
"RNF149.image9_left.2021_02_24",-2.37378956893379,-0.570639173616106
"RNF149.image9_right.2021_02_24",-0.213850507196999,4.66890560673571
"Rock.image1_left.2020_07_14",-0.960404769219329,3.5448401389876
"Rock.image1_right.2020_07_23",-1.16483594057488,3.31769249216002
"Rock.image12.2020_07_14",-2.56519113042214,-0.340248978073044
"Rock.image15.2020_07_14",-0.0383695325824431,1.66073967559068
"Rock.image2.2020_07_14",-2.08323067526914,0.527205786592511
"Rock.image2.2020_07_23",0.950566719451472,-8.77287650438805
"Rock.image3.2020_07_14",-3.27920128906936,2.80413846338493
"Rock.image5.2020_07_14",-2.28782825905449,0.564109551750024
"Rock.image6_left.2020_07_23",-2.00943176610593,0.233082498684113
"Rock.image7_right.2020_07_23",4.0124083034777,-3.24275084374304
"TLE.image14.2021_02_24",-4.52570790587002,3.35600152333943
"TLE.image2.2021_02_24",-0.58447680775012,2.15970429450713
"TLE.image20_right.2021_02_24",3.31445843623691,-2.16289789462891
"TLE.image23_left.2021_02_24",-3.68115500428252,4.12152071435455
"TLE.image25_right.2021_02_24",4.25834277185601,-2.24802440958994
"TLE.image28_left.2021_02_24",-3.64506751705801,2.98863907075165
"TLE.image28_right.2021_02_24",-3.56548388459538,2.17947521524863
"TLE.image30_left.2021_02_24",-0.135381492024647,4.30313959929186
"TLE.image31_left.2021_02_24",3.67035546241604,-2.63878448603303
"TLE.image4_right.2021_02_24",-3.36149856704918,2.16044996042793
"TLE.image41_left.2021_02_24",4.23249190524339,-1.91089952404098
"TLE.image43_right.2021_02_24",-0.163517559084874,4.34528185631603
"TLE.image44_left.2021_02_24",3.43735415693539,-2.46230930593453
"TLE.image5_right.2021_02_24",-4.30832911221515,3.06314080321627
"TLE.image7_right.2021_02_24",4.814831960244,-3.69560067342396
"TLE.image8_right.2021_02_24",3.79625735506926,-2.45420367694427
"Tol.slide1_image11_left.2020_11_05",4.08003611752062,-2.28629362597959
"Tol.slide1_image11_right.2020_11_05",-4.12046177443038,3.18567179327222
"Tol.slide1_image12_left.2020_11_04",-0.520158465913538,2.03238814598559
"Tol.slide1_image13_right.2020_11_05",4.92098389287314,-3.05603380522294
"Tol.slide1_image13.2020_11_04",4.8203469111015,-2.16265503867942
"Tol.slide1_image15_right.2020_11_04",3.73085239730411,-3.20757323767141
"Tol.slide1_image17.2020_11_05",1.04267892946565,-8.4523513347392
"Tol.slide1_image2.2020_11_04",0.35614158147618,-8.28973830874098
"Tol.slide1_image20.2020_11_05",4.43945421582269,-2.76712257048205
"Tol.slide1_image21_right.2020_11_05",4.83873980657423,-2.91439610582647
"Tol.slide1_image23.2020_11_05",3.62372490216013,-2.5471023255269
"Tol.slide1_image24_right.2020_11_04",-3.66607572105612,-0.421932612294516
"Tol.slide1_image26.2020_11_05",0.970969102948027,-8.66490686509209
"Tol.slide1_image27.2020_11_05",1.28256314355961,-8.31414494910336
"Tol.slide1_image31_left.2020_11_05",0.349112278442532,-8.33342137867888
"Tol.slide1_image32.2020_11_04",-3.98557372515648,3.6497188645769
"Tol.slide1_image39.2020_11_05",3.25943383470526,-2.1077622230415
"Tol.slide1_image4.2020_11_04",2.87942431786052,-3.33706833859246
"Tol.slide1_image40.2020_11_05",0.348283147625435,-8.36123164885504
"Tol.slide1_image42.2020_11_04",1.99417275045268,0.336453717760077
"Tol.slide1_image48_left.2020_11_04",-4.37958361186324,3.29388596146063
"Tol.slide1_image48_right.2020_11_04",-4.46107543159392,3.293579994773
"Tol.slide1_image5_left.2020_11_04",-4.05504339413356,3.53118745403752
"Tol.slide1_image5_right.2020_11_05",-3.29962304229214,3.06368657595816
"Tol.slide1_image50.2020_11_05",2.82543198633827,-3.34093870364861
"Tol.slide1_image51_left.2020_11_05",3.9778717377811,-1.71592606221412
"Tol.slide1_image52.2020_11_05",3.57881812389164,-3.1398269097885
"Tol.slide1_image54_left.2020_11_05",3.60126946053309,-1.59971533309321
"Tol.slide1_image54_right.2020_11_05",-3.15177588858939,3.12369048045992
"Tol.slide1_image8_left.2020_11_05",0.670797434215214,-7.89549949415878
"Tol.slide2_image1.2020_11_04",0.915956977046226,-1.00954662156853
"Tol.slide2_image11_left.2020_11_04",3.06853920914957,-4.12442937233429
"Tol.slide2_image12_left.2020_11_04",-4.02118626894311,3.06173717687296
"Tol.slide2_image15.2020_11_04",3.9538359031516,-2.83432484462088
"Tol.slide2_image18.2020_11_04",-3.78237692881968,4.14891044345133
"Tol.slide2_image18.2020_11_05",0.292457888471658,-8.31071164180678
"Tol.slide2_image2.2020_11_04",1.92473945580569,-8.21119200696591
"Tol.slide2_image25_right.2020_11_04",0.627442272622127,-8.58436506291661
"Tol.slide2_image3.2020_11_04",-0.71723605099232,2.52634407637689
"Tol.slide2_image38_left.2020_11_04",-0.698641343504385,4.58649811857535
"Tol.slide2_image9.2020_11_04",1.00373303201874,-1.00820404524685
"Tyrosinase.image1_right.2020_06_17",-3.15351256109615,2.6111765457798
"Tyrosinase.image11.2020_07_14",2.67332629169648,-2.64065458903852
"Tyrosinase.image13.2020_01_10",3.13902628418262,-2.9493481403022
"Tyrosinase.image15_right.2020_07_14",0.914017536868028,1.00265708351583
"Tyrosinase.image16_left.2020_07_14",-2.22681223215331,0.675771707227601
"Tyrosinase.image16_right.2020_07_14",-2.2308523894691,0.922698419375449
"Tyrosinase.image17.2020_07_14",0.482696591756287,1.18050017246378
"Tyrosinase.image3_left.2020_06_17",-0.913189633672378,3.69244240620833
"Tyrosinase.image3_right.2020_06_17",0.699650208984257,1.79910963079231
"Tyrosinase.image5.2020_07_23",4.06354671225282,-2.50392974710824
"Tyrosinase.image8.2020_07_23",3.902525123629,-3.08342563256016
"Tyrosinase.image9_right.2020_07_14",3.40270992152197,-4.03710150473734
"Tyrosinase.slide1_image12.2019_08_29",0.049024111980045,3.15614846990449
"Tyrosinase.slide1_image19_right.2019_08_29",0.060228120440005,2.94764602092729
"Tyrosinase.slide1_image3.2020_02_06",-3.70853222322964,4.13938126486757
"Tyrosinase.slide1_image3.2020_10_06",2.98627122174505,-2.86420427315795
"Tyrosinase.slide1_image7_right.2020_02_06",-0.864536191060207,2.57959853776058
"Tyrosinase.slide2_image10_right.2020_02_06",4.680321137048,-3.7955463937765
"Tyrosinase.slide2_image10.2019_08_29",-0.272756489758031,2.20703538422326
"Tyrosinase.slide2_image2_right.2020_02_06",-3.50103943169738,3.08759882948266
"Tyrosinase.slide2_image4_right.2020_10_06",-4.24151905441043,3.42385618852378
"Tyrosinase.slide2_image6_left.2020_02_06",-0.631799802054368,1.55770462914248
"Vangl.image1_right.2021_02_24",0.835632198416053,-8.08119223156529
"Vangl.image14.2021_02_24",2.80688614287031,-3.03750193675183
"Vangl.image15_right.2021_02_24",1.55069712550681,1.94067017248772
"Vangl.image16_left.2021_02_24",-3.43719556032432,0.56617800679646
"Vangl.image16_right.2021_02_24",3.17250651593137,-3.03104125706866
"Vangl.image19_left.2021_02_24",-0.788472341506802,3.974518214104
"Vangl.image21.2021_02_24",-0.851910921911053,4.04240291189374
"Vangl.image23_left.2021_02_24",0.885077589546393,1.94260699375861
"Vangl.image25_left.2021_02_24",-0.116019311677749,2.5070735659384
"Vangl.image3_right.2021_02_24",-3.51317898304124,4.08292382171072
"Vangl.image39_left.2021_02_24",3.03632154257704,-2.9631798003761
"Vangl.image41_right.2021_02_24",-3.48917926602831,2.1301307469859
"Vangl.image42.2021_02_24",2.88717817532096,-3.29919422326986
"Vangl.image7_left.2021_02_24",-4.10128234484991,3.68058846162856
"Vangl.image8.2021_02_24",3.71532990705709,-2.41450970257515
"X5HTR.slide1_image1.2020_11_05",3.68586749337722,-2.02927674431156
"X5HTR.slide1_image10.2020_11_05",-3.38687885642967,3.99525402627087
"X5HTR.slide1_image11.2020_11_04",2.10469113854048,0.195334714911699
"X5HTR.slide1_image13_right.2020_11_05",4.2659858877854,-1.82595862718558
"X5HTR.slide1_image16_left.2020_11_05",3.56867091707323,-2.25122670164217
"X5HTR.slide1_image17.2020_11_04",-3.93026560823283,2.98654941585143
"X5HTR.slide1_image8_right.2020_11_04",4.16370790766329,-1.90932880598788
"X5HTR.slide1_image9.2020_11_05",-3.72500259033046,0.512684100683352
"X5HTR.slide2_image1.2020_11_05",3.66235300915146,-1.41575397857117
"X5HTR.slide2_image11_left.2020_11_04",-4.38674214077169,3.21200724165749
"X5HTR.slide2_image12_right.2020_11_04",1.76883234230162,0.984727076830387
"X5HTR.slide2_image14_left.2020_11_05",4.02889470772238,-1.76533328284688
"X5HTR.slide2_image14.2020_11_04",0.351480966073131,-8.31348858946498
"X5HTR.slide2_image17_left.2020_11_05",-0.664660397753109,4.30417000912646
"X5HTR.slide2_image18.2020_11_05",3.92571133123538,-2.56544800215536
"X5HTR.slide2_image22.2020_11_05",0.339950906167601,-8.36039025410841
"X5HTR.slide2_image25.2020_11_05",-3.94436884767712,1.12406670243845
"X5HTR.slide2_image28.2020_11_05",-3.52588841449417,1.87607345208606
"X5HTR.slide2_image6_right.2020_11_04",1.77870191296327,-7.8937742903928
"X5HTR.slide2_image6.2020_11_05",4.13538859820395,-2.72132194451575
"X5HTR.slide2_image9_right.2020_11_05",-3.81075969965522,0.991109123712772
