"","5HTR","ADF/Cofilin","Arhgef8","BMP","Col9a1","Daam","Ddr","Depdc","Dync2h","EPB4.1","Eph","Ets","Farp","FGF4","Fgfr","Foxf","FZD","Gata","Gna-L/S","Gna12/13","Hand","Handr","MRF","NDE","Paxillin","Rab5","Rabep","Rho","RNF149","Rock","TLE","Tol","Tyrosinase","Vangl"
"ATM.dist.mean_Nucleus",1,1,1,1,1,1,1,0.0278620814250399,1,1,1,1,1,1,1,1,1,1,1,1,1,0.00017104645436212,1,1,1,1,1,1,0.0223270395149532,1,1,1,1,1
"TVC.dist.min_Nucleus",1,1,0.864932132702066,1,1,1,1,7.0764922271168e-29,1,1,1,1,1,1,1,0.0187296392681357,1,1,1,1,1,0.000714012503899611,0.000236853597931394,1,1,1,1,1,1,1,0.685457114864824,1,1,1
"TVC.dist.max_Nucleus",1,1,1,1,1,1,1,0.0131583173182437,1,1,1,0.000323109817123543,1,1,1,0.213936680338919,1,1,1,1,1,1,0.000222237763989871,1,1,1,1,1,1,1,1,0.686850833058269,1,1
"TVC.dist.mean_Nucleus",1,1,1,1,1,1,1,5.53589656945213e-10,1,1,1,0.0791016774879918,1,1,1,0.0527356900475658,1,1,1,1,1,1,0.000113554007262057,1,1,1,1,1,1,1,0.182332572287301,0.788829336108465,1,1
"TVC.dist.sd_Nucleus",1,1,1,1,1,1,1,0.044865386832608,1,1,1,1,1,1,1,1,1,1,1,1,1,1,0.00854258855671864,1,1,1,1,1,1,1,0.140302809494119,1,1,1
"TVC.ATM.dist.min_Nucleus",1,0.486029942000295,1,1,1,0.315043011795186,1,1,1,0.0384361126971736,1,1,1,1,0.922399892159743,0.00186169526163291,0.61839105471612,1,5.62824296801847e-05,1,1,7.25512223713935e-11,0.00484802078299257,1,1,1,1,1,0.680020983545391,1,1,1,1,1
"TVC.ATM.dist.max_Nucleus",1.80236671579463e-13,1,2.59495174011638e-09,3.89381901920381e-22,2.9908040112969e-06,1.02867936416679e-37,NA,4.47217592584759e-111,7.22302031493396e-29,4.76006301412014e-22,4.80695428917465e-43,4.99163701208367e-95,1,3.37477585105108e-13,NA,7.42606622492212e-67,2.45467106438106e-24,3.85889683164757e-31,6.44041817586816e-29,2.66865282877652e-20,1.34415536805514e-37,1,1.54907145085334e-31,NA,2.44248525552895e-31,3.17137495301447e-12,NA,7.22302031493396e-29,8.0313913287617e-23,2.9908040112969e-06,NA,2.66704978464777e-23,NA,1.93860011746667e-11
"TVC.ATM.dist.mean_Nucleus",1,1,1,1,1,0.167836389809202,1,0.678423391084441,1,0.145399343471436,1,1,1,1,0.656370378983142,0.000662267625301581,0.658155224608333,1,2.04607244534769e-05,1,1,1.93198324751847e-07,0.0189823731522253,1,1,1,1,1,1,1,1,1,1,1
"TVC.ATM.dist.sd_Nucleus",1,1,1,1,1,1,1,1,1,0.0748409822840562,1,0.284073181234373,1,1,0.293946416474385,0.310719767393065,0.222289483448101,1,0.000424948222449868,1,1,2.31879475507592e-07,0.549779979347904,1,1,1,1,1,0.157893269137725,1,1,1,1,1
"TVC.cosine.min_Nucleus",1,0.715670531087116,1,0.212179030388017,1,1,1,2.39282674163151e-26,1,1,1,0.0219700681022214,1,1,1,0.106911053198059,1,0.514322960214313,0.41103525636443,1,1,0.000444595266877983,1,1,1,1,1,1,0.391123061673171,1,1,1,1,1
"TVC.cosine.max_Nucleus",1,1,0.224683260707725,0.282407041823063,1,1,1,2.06167857417603e-30,1,1,1,0.172281231060901,1,1,1,0.183667599188798,1,0.887758285564052,0.556552440129965,1,1,2.9768660061653e-07,1,1,1,1,1,1,0.752672710315824,1,1,1,1,1
"TVC.cosine.sd_Nucleus",1,0.658515975531807,1,1,1,1,1,3.72050188957678e-17,1,1,1,1,1,1,1,0.00428956750403468,1,0.808111267086713,1,1,1,7.51507844079088e-05,1,1,1,1,1,1,1,1,0.34779385244448,1,1,1
"ATM.Nucleus.Dist.to.Cell.Membrane.min",1,1,0.725844144832289,1,1,1,1,1.01877448234808e-06,1,1,1,1,1,0.946962738209251,1,1,1,1,1,1,0.13559589848559,0.159434603962442,0.549779979347904,1,1,1,1,1,1,1,1,1,1,1
"ATM.Nucleus.Dist.to.Cell.Membrane.max",1,1,1,1,1,1,1,3.31693170582844e-07,1,1,0.612678382373774,1,1,1,1,1,1,1,1,1,1,0.00360525128898977,0.0132033515233943,1,1,1,1,1,1,1,1,1,1,1
"ATM.Nucleus.Dist.to.Cell.Membrane.mean",1,1,0.47109148248084,1,1,1,1,9.26688396513494e-08,1,1,0.843864747717987,1,1,1,1,1,1,1,1,1,0.88041377287419,0.01840640445754,0.0909456417410845,1,1,1,1,1,1,1,1,1,1,1
"ATM.Nucleus.Dist.to.Cell.Membrane.SD",1,1,1,1,1,1,0.474486610241786,1,1,1,1,1,1,1,0.898486567160198,1,1,1,1,1,1,1,1,1,1,1,1,1,1,0.354694404417286,1,1,1,1
"TVC.Nucleus.Dist.to.Cell.Membrane.min",1,1,0.000175688290752182,1,1,1,1,6.87325847178578e-27,1,1,1,1,1,1,1,0.000128146070062241,1,1,1,1,1,0.0411927283261294,5.12289033034358e-05,1,1,1,1,0.981116401219286,1,1,1,0.728033093177551,0.708214600461094,1
"TVC.Nucleus.Dist.to.Cell.Membrane.max",1,1,0.0111141513581722,1,1,1,0.309751372220288,4.53507656306489e-28,1,1,1,6.57539978039887e-06,1,1,1,5.0916844926446e-05,1,1,1,1,1,0.0521413718026839,9.56593602321678e-06,1,1,1,1,1,0.00355094943242241,1,1,0.237257325755318,1,1
"TVC.Nucleus.Dist.to.Cell.Membrane.mean",1,1,0.000313372400787226,1,1,1,1,3.26201341292296e-28,1,1,1,1,1,1,1,7.53723163811654e-06,1,1,1,1,1,0.0537063319598977,6.69683585164583e-06,1,1,1,1,1,0.391123061673171,1,1,0.407016486167445,1,1
"TVC.Nucleus.Dist.to.Cell.Membrane.SD",1,1,1,1,1,1,1,3.86069292977645e-15,1,1,1,0.000196199962419839,1,1,1,8.87971830520022e-05,1,1,1,1,1,1,0.0660400909241783,1,1,1,0.693298317054065,1,1,1,1,0.755396070462039,1,1
"ATM.dist.mean_Cell",1,1,1,1,1,1,1,0.00895860405899743,1,1,1,1,1,1,1,0.415618033383568,1,1,1,1,1,0.00101088129677,0.680215928319808,1,1,1,1,1,0.017494553516354,1,1,1,1,1
"TVC.dist.min_Cell",1,1,0.142723656908947,1,1,1,1,2.90727210219411e-22,1,1,1,1,1,1,1,0.00603778730124919,1,1,1,1,1,0.721971824521724,0.000122742750503904,1,1,1,1,1,1,1,0.249368649027256,1,1,1
"TVC.dist.max_Cell",1,1,1,1,1,1,1,0.00407617348366083,1,1,1,0.00020511064338257,1,1,1,0.123922307318513,1,1,1,1,1,1,0.000122138061127529,1,0.836716540789243,1,1,1,1,1,1,0.599761688768709,1,1
"TVC.dist.mean_Cell",1,1,1,1,1,1,1,6.63366248797994e-11,1,1,1,0.0384554940430066,1,1,1,0.0128143932156713,1,1,1,1,1,1,5.37567867519114e-05,1,1,1,1,1,1,1,0.231261780364259,0.733758080360477,1,1
"TVC.dist.sd_Cell",1,1,1,1,1,1,1,0.027075896419159,1,1,1,1,1,1,1,0.79014727069495,1,1,1,1,1,0.184174460963497,0.00425082058823413,1,1,1,1,1,1,1,0.685457114864824,1,1,1
"TVC.ATM.dist.min_Cell",1,0.620646370960091,0.346084107412119,1,1,0.771229916455076,1,0.283446156824481,1,0.138601934760985,1,1,1,1,0.0584975241666631,0.00266223572391659,0.727896681100441,1,0.000301712220552313,1,1,2.20114480364206e-14,0.0015172920799592,1,1,1,1,1,0.55372397970931,1,1,1,1,1
"TVC.ATM.dist.max_Cell",1.80236671579463e-13,1,2.59495174011638e-09,3.89381901920381e-22,2.9908040112969e-06,1.02867936416679e-37,NA,4.47217592584759e-111,7.22302031493396e-29,4.76006301412014e-22,4.80695428917465e-43,4.99163701208367e-95,1,3.37477585105108e-13,NA,7.42606622492212e-67,2.45467106438106e-24,3.85889683164757e-31,6.44041817586816e-29,1,1.34415536805514e-37,1,1.54907145085334e-31,NA,2.44248525552895e-31,3.17137495301447e-12,NA,7.22302031493396e-29,8.0313913287617e-23,2.9908040112969e-06,NA,2.66704978464777e-23,NA,1.93860011746667e-11
"TVC.ATM.dist.mean_Cell",1,1,0.0365511487119,1,1,0.476198856077755,1,0.158566408564116,1,0.455208792981147,1,1,1,1,0.0502161186487169,0.000780700453767094,0.461252601012001,1,0.000122879308057285,1,1,1.41551453926209e-09,0.011905273470422,1,1,1,1,1,0.975035515348259,1,1,1,1,1
"TVC.ATM.dist.sd_Cell",1,1,0.632525516076137,1,1,1,1,1,1,0.50585353995337,1,0.0106593013998088,1,1,0.0133214100282275,0.322536948960706,0.110893646366144,1,0.00310010167458091,1,1,8.4839233039932e-10,0.394889871805964,1,1,1,1,1,0.102718925520387,1,1,1,1,1
"TVC.cosine.min_Cell",1,0.760884980195799,1,1,1,1,1,3.45039557986765e-21,1,1,1,0.0200629490916614,1,1,1,0.0476050159904042,1,0.647672256162326,0.851541290656692,1,1,4.46643029739533e-05,1,1,1,1,1,1,0.296340718740731,1,1,1,1,1
"TVC.cosine.max_Cell",1,1,0.839624873840633,1,1,1,1,7.11986386945715e-21,1,1,1,0.0894488349063646,1,1,1,0.0271794574724855,1,0.887758285564052,1,1,1,1.43528313500001e-08,1,1,1,1,1,1,0.634339397963986,1,1,1,1,1
"TVC.cosine.sd_Cell",1,0.686466468965299,1,1,1,1,1,1.95771662510376e-14,1,1,1,1,1,1,1,0.0064480987862773,1,1,1,1,1,9.10873626785377e-06,1,1,1,1,1,1,1,1,1,1,1,1
"ATM.Cell.Ellipticity..oblate..min",1,1,1,1,1,1,1,0.457955879482267,1,1,0.000306130684544058,0.202146464893347,1,1,1,1,1,1,1,1,1,1,0.394889871805964,1,1,1,1,1,1,1,1,1,1,1
"ATM.Cell.Ellipticity..oblate..max",1,1,1,1,1,1,1,1,1,1,1,0.258610129693348,1,1,1,1,1,1,1,1,1,1,0.152406282197795,1,1,1,1,1,1,1,1,1,1,1
"ATM.Cell.Ellipticity..oblate..mean",1,1,1,1,1,1,1,1,1,1,0.163231691958448,0.0766117873332571,1,1,1,1,1,1,1,1,1,1,0.062154032977593,1,1,1,1,1,1,1,1,1,1,1
"ATM.Cell.Ellipticity..oblate..SD",1,1,1,1,1,1,1,0.236529936585041,1,1,1,1,1,1,0.0999998413819087,1,1,1,1,1,1,1,1,1,1,1,1,1,1,1,1,1,1,1
"ATM.Cell.Ellipticity..prolate..min",1,1,1,1,1,1,0.0817501624051826,1,1,1,1,1,1,1,1,1,1,1,1,1,1,1,1,1,1,1,1,1,1,1,1,1,1,1
"ATM.Cell.Ellipticity..prolate..max",1,1,1,1,1,1,1,1,1,1,1,1,1,1,1,1,1,1,1,1,1,1,1,1,1,1,1,1,1,1,1,1,1,1
"ATM.Cell.Ellipticity..prolate..mean",1,1,1,1,1,1,0.677733695238621,1,1,1,1,1,1,1,1,1,1,1,1,1,1,1,1,1,1,1,1,1,1,1,1,1,1,1
"ATM.Cell.Ellipticity..prolate..SD",1,1,1,1,1,1,1,0.489785497096144,1,1,0.582803482799909,0.742970157452728,1,1,1,1,1,1,1,1,1,1,1,1,1,1,1,1,1,1,1,1,1,1
"ATM.Cell.Nucleus.to.Cytoplasm.Volume.Ratio.min",0.0426848851590815,0.634019213533897,1,0.217666944782919,0.551822631922922,0.135326637763916,1,0.0271861870194631,1,1,1,1,0.979924868582076,1,0.0101916665875374,2.33123984420069e-06,0.569576400626727,0.0632543925945957,0.816308886462799,1,1,1,1,1,1,1,1,1,1,0.1397340917749,1,1,1,1
"ATM.Cell.Nucleus.to.Cytoplasm.Volume.Ratio.max",0.235537470671887,0.211377252079754,1,0.170863710563841,1,3.61438269980272e-05,1,0.0134308208226402,1,1,1,0.172281231060901,1,1,0.238063053155726,5.0916844926446e-05,0.129941368542028,1,1,1,0.154380216730519,1,0.183295892703532,1,0.534086098979283,1,0.793742811714586,1,1,1,1,0.784826728935738,0.0722130082241883,1
"ATM.Cell.Nucleus.to.Cytoplasm.Volume.Ratio.mean",0.0302191067936466,0.0137278058722142,1,0.133574392651822,0.24200880427876,0.000751240414565652,1,0.0123614933024508,1,1,1,0.268010206324746,1,1,0.0230647209016041,1.40610518935372e-06,0.0239487010137719,0.0916696581592714,0.455327083294424,1,1,1,0.549779979347904,1,1,1,0.76176639402905,1,1,0.158083349284162,1,0.544901388088988,0.447890226254429,1
"ATM.Cell.Nucleus.to.Cytoplasm.Volume.Ratio.SD",1,1,1,1,1,0.0042706421387944,1,0.459656272544599,1,1,1,1,1,1,1,1,1,1,1,1,0.0276551409992316,1,1,1,0.000312100193419003,1,1,1,1,1,1,1,1,1
"ATM.Cell.Sphericity.min",1,1,1,1,1,1,1,1,1,1,1,1,1,1,1,0.00134840423928912,1,0.345667752835835,1,1,0.00030034960739623,0.00477576706197819,0.0127105630767802,1,1,1,1,0.0182874230897067,1,0.97643107606819,1,0.822949147250886,1,0.0355903099126977
"ATM.Cell.Sphericity.max",1,1,1,1,1,1,1,1,1,1,1,1,1,1,1,0.0119109946484172,1,0.154249304046207,1,1,0.332601672676395,2.08072412086295e-05,0.000816898140297027,1,1,1,1,1,1,1,1,1,1,1
"ATM.Cell.Sphericity.mean",1,1,1,1,1,1,1,1,1,1,1,1,1,1,1,0.00134840423928912,1,0.0705248185054727,1,1,0.00814358255631292,8.75836820649492e-05,0.00111519061202892,1,1,1,1,0.135245508976336,1,0.855187886187081,1,0.585579728905745,1,1
"ATM.Cell.Sphericity.SD",1,1,1,1,1,1,1,1,1,1,1,1,1,1,1,1,1,1,1,1,1,1,1,1,1,1,1,0.564544628190532,1,1,1,1,1,0.180726882034298
"ATM.Cell.Volume.frac.min",1,1,1,1,1,1,1,0.235221371046103,1,1,1,1,1,1,1,1,1,1,1,1,1,0.34466506967812,0.000637672767973913,1,1,1,1,1,1,1,1,1,1,1
"ATM.Cell.Volume.frac.max",1,1,1,1,1,1,1,0.0406432701354859,1,1,1,1,1,1,1,0.174785042740279,1,0.827145670389975,1,1,1,1,2.36952139429308e-05,1,1,1,1,1,1,1,1,1,1,1
"ATM.Cell.Volume.frac.mean",1,1,1,1,1,1,1,0.0184619377901143,1,1,1,1,1,1,1,0.79014727069495,1,0.183875885315712,1,1,1,1,3.92057584577766e-05,1,1,1,1,1,1,1,1,1,1,1
"ATM.Cell.Volume.frac.SD",1,1,1,1,1,1,1,1,1,1,1,1,1,1,1,1,1,1,1,1,1,0.111899493004856,1,1,1,1,1,1,1,1,1,1,1,1
"ATM.Nucleus.Ellipticity..oblate..min",1,1,1,1,1,1,1,1,1,1,1,1,1,1,1,0.911283598702671,1,1,1,1,1,1,1,1,1,1,1,1,1,1,1,1,1,1
"ATM.Nucleus.Ellipticity..oblate..max",1,0.634019213533897,1,1,1,1,1,1,1,0.343716874758894,1,1,1,1,1,0.0106682972716449,1,1,1,1,1,1,1,1,1,1,1,1,1,0.804672378510139,1,1,1,1
"ATM.Nucleus.Ellipticity..oblate..mean",1,1,1,1,1,1,1,1,1,1,1,1,1,1,1,0.0576029136914412,1,1,1,1,1,1,1,1,1,1,1,1,1,1,1,1,1,1
"ATM.Nucleus.Ellipticity..oblate..SD",1,1,1,1,1,1,1,1,1,1,1,1,1,1,1,1,1,1,1,1,1,1,1,1,1,1,1,1,1,1,1,1,1,1
"ATM.Nucleus.Ellipticity..prolate..min",1,1,0.954120412640596,1,1,1,1,1,1,0.138491752583555,1,1,1,1,1,0.00317686965067395,1,1,1,1,1,1,0.549779979347904,1,0.121597440083713,1,1,1,1,0.997411367511258,1,1,1,1
"ATM.Nucleus.Ellipticity..prolate..max",1,1,1,1,1,1,1,1,1,1,0.635360958218398,1,1,1,1,0.79014727069495,1,1,1,1,1,1,0.301248335954467,1,1,1,1,1,1,1,1,1,1,1
"ATM.Nucleus.Ellipticity..prolate..mean",1,1,1,1,1,1,1,1,1,0.856869985953128,0.982270558479102,1,1,1,1,0.0361836029909798,1,1,1,1,1,1,0.299194388386471,1,1,1,1,1,1,1,1,1,1,1
"ATM.Nucleus.Ellipticity..prolate..SD",1,0.153951435377949,1,1,1,1,1,1,1,1,1,1,1,1,1,1,1,1,1,1,1,1,1,1,1,1,1,1,1,1,1,1,1,1
"ATM.Nucleus.Sphericity.min",0.237479386302229,0.457594775781044,1,1,1,0.229352919595525,1,1,1,1,1,0.121762907833432,1,0.00923843201988098,0.371395489319577,0.00358557617146592,1,1,1,1,1,1,1,1,1,1,1,0.308921188118726,1,1,1,0.476773537877514,1,1
"ATM.Nucleus.Sphericity.max",1,0.510476124023569,1,1,1,0.752101372132643,1,1,1,1,1,0.0219700681022214,1,1,1,0.105385831071426,1,1,1,1,1,1,1,1,1,1,1,1,1,0.312163748953472,1,1,1,1
"ATM.Nucleus.Sphericity.mean",0.120148075089799,0.121809513647164,1,1,1,0.229352919595525,1,1,1,1,1,0.0195421317222161,1,0.348648829510312,1,0.00250881558194913,1,1,1,1,1,1,1,1,1,1,1,0.382036073604295,1,0.644187361615033,1,1,1,1
"ATM.Nucleus.Sphericity.SD",1,1,1,1,1,1,1,1,1,1,1,0.202146464893347,1,1,1,1,1,1,1,1,1,1,1,1,1,1,0.817782303902797,1,1,1,1,1,1,1
"ATM.Nucleus.Volume.frac.min",1,1,1,0.412470218845815,1,1,1,0.0302288628182549,1,1,1,1,1,1,1,0.64131971618088,1,0.249172596699642,1,1,1,0.787728847773983,0.000684703462756827,1,0.674677035605954,1,1,1,1,1,1,0.948029635320195,1,1
"ATM.Nucleus.Volume.frac.max",1,0.634019213533897,1,0.00961005475177366,1,1,1,0.106522709862713,1,1,1,1,1,0.667363548122818,1,0.213936680338919,1,0.00829424339568466,1,1,1,1,0.000812716704658037,1,0.529666884037188,1,1,1,1,1,1,0.0029026669275639,1,1
"ATM.Nucleus.Volume.frac.mean",1,0.634019213533897,1,0.0115160252174283,1,1,1,0.0137820965392755,1,1,1,1,1,1,1,0.0635490542904566,1,0.0428036109873767,1,1,1,0.673806690449419,6.33006775539039e-05,1,0.294200867777704,1,1,1,1,1,1,0.0443797540172191,1,1
"ATM.Nucleus.Volume.frac.SD",1,1,1,1,1,1,1,0.0951214383089839,1,1,1,1,1,1,1,1,1,1,1,1,1,1,1,1,1,1,1,1,1,1,1,1,1,1
"TVC.Cell.Ellipticity..oblate..min",1,1,1,0.136071653162562,1,1,1,1,1,0.551476639184918,1,0.121800974731497,1,1,0.293377882323709,1,1,1,1,1,1,1,0.0915825501947595,1,1,1,1,1,1,1,1,0.552386282464006,1,1
"TVC.Cell.Ellipticity..oblate..max",1,0.37608197129245,1,1,1,1,1,1,1,1,1,0.00374037026098792,1,0.598467694585629,1,1,1,1,1,1,1,1,1,1,1,1,1,1,1,1,1,1,1,1
"TVC.Cell.Ellipticity..oblate..mean",1,1,1,1,1,1,1,1,1,1,1,1,1,1,1,1,1,1,1,1,1,1,1,1,1,1,1,1,1,1,1,1,1,1
"TVC.Cell.Ellipticity..oblate..SD",1,1,1,1,1,1,1,1,1,1,1,1,1,1,1,1,1,1,1,1,1,1,1,1,1,1,1,1,1,1,1,1,1,1
"TVC.Cell.Ellipticity..prolate..min",1,1,1,1,1,1,1,1,1,1,0.707493215142236,0.00685080086275475,1,0.0367505458289416,1,1,1,1,1,0.0208503777757903,1,1,1,1,1,1,1,1,1,1,1,0.728033093177551,1,1
"TVC.Cell.Ellipticity..prolate..max",1,1,1,1,1,1,1,0.0212189440758732,1,1,1,1,1,1,1,0.79014727069495,1,1,1,1,1,0.299755052596195,1,1,1,1,1,1,1,1,1,1,1,1
"TVC.Cell.Ellipticity..prolate..mean",1,1,1,1,1,1,1,1,1,1,1,1,1,0.1483186447863,1,0.84890656284495,1,1,1,0.0353511027139787,1,0.058321010132222,1,1,1,1,1,1,1,1,1,1,1,1
"TVC.Cell.Ellipticity..prolate..SD",1,1,1,1,1,1,1,0.331001486696958,1,1,1,1,1,1,1,1,1,1,1,1,1,1,1,1,1,1,1,1,1,1,1,1,1,1
"TVC.Cell.Nucleus.to.Cytoplasm.Volume.Ratio.min",0.34643502977818,1.40351204312734e-07,1,1.00349725007801e-06,0.216519554518116,0.000524679762627434,1,1,1,1,0.163231691958448,0.0149878129424859,1,0.329626807864386,0.181994528273882,0.0174190169054474,0.426754208069311,1,1,1,1,0.0123082742916247,1,0.402682741022427,0.251468742372861,0.0129937322902981,0.0632739649711949,1,1,0.00844969879600621,1,0.00838613060138465,0.0170835091157124,1
"TVC.Cell.Nucleus.to.Cytoplasm.Volume.Ratio.max",0.731120786480351,2.2197780233902e-16,1,4.8511834417869e-05,0.00190211215158062,2.79532562681276e-12,0.00401975672102499,0.000771087734582605,1,1,0.0110813711500264,1,0.0115570682788752,1,0.057509094186519,0.000369812289108719,0.0601110113511952,0.336125988322662,1,1,1,1,0.00087227582764468,6.74010015060935e-06,8.52336664564256e-06,0.000885907995947461,0.186789076306971,0.675745803583404,1,0.17371804136976,1,0.000240034284311169,1,1
"TVC.Cell.Nucleus.to.Cytoplasm.Volume.Ratio.mean",0.0292968090378396,2.82142826106661e-15,1,2.90731249494839e-08,0.00544854898470282,1.63432103800187e-10,0.178250648152133,0.027075896419159,1,1,0.00739171447911349,1,0.128335093533516,0.622173929319112,0.0195098634436225,4.34181118555458e-05,0.00179684330217612,0.118176972500437,1,1,1,0.0630069090710441,1.60942600527401e-05,0.00191777637038264,0.000511300129867526,0.00140021860279735,0.0755636614324826,1,1,0.0271580048291317,1,5.44884592542563e-06,0.254692658085877,0.270991591396852
"TVC.Cell.Nucleus.to.Cytoplasm.Volume.Ratio.SD",1,1.10271531376589e-07,0.0193498360576538,0.0623093805816975,0.122569126473623,0.00119351907407688,0.0182631870230517,6.14109703966963e-06,1,1,1,1,0.446668930018009,1,1,0.0537980336597111,1,1,1,1,1,1,1,0.414984174123265,0.074308960895212,1,1,0.0108488623960512,1,1,1,0.126228357411412,1,1
"TVC.Cell.Sphericity.min",1,1,1,1,1,1,1,1,1,1,1,0.145869571473519,1,1,1,0.0725733170902906,1,0.0199279814054528,1,1,0.0670266378078853,1,0.266278486711329,1,1,0.0691510713993627,1,0.60332405775711,0.461484733888818,0.474948915982635,0.0980013595020509,1,1,1
"TVC.Cell.Sphericity.max",1,1,1,0.00214232411030812,1,1,1,1,1,1,1,0.689697094520438,1,0.0286561964302358,1,0.0905211176139307,1,0.0145224971225526,1,1,0.000334629060414471,1,4.17145616266286e-06,1,1,1,1,1,1,0.581643261848097,0.116885369218147,0.00906846343694683,1,1
"TVC.Cell.Sphericity.mean",1,1,1,1,1,1,1,1,1,1,1,1,1,0.080630089415402,1,0.0213380630843053,1,0.000963020864728593,1,1,0.00677353202466713,1,0.00170101657869461,1,1,0.164201705698877,1,1,1,0.532047271541428,0.0027532653985738,0.587086505329285,1,1
"TVC.Cell.Sphericity.SD",1,1,1,1,1,1,1,1,1,1,1,1,1,1,1,1,1,1,1,1,1,1,1,1,1,1,1,1,1,1,0.68282175432283,1,1,1
"TVC.Cell.Volume.frac.min",1,0.402075634727268,0.00126015160150176,5.26928740163393e-06,1,1,1,4.10580601059744e-05,1,1,1,3.25882015090656e-07,1,1,1,0.12697308713031,1,1,1,1,1,4.77098853994229e-12,1,1,1,1,1,0.00116629996998819,1,1,0.00280365013428541,1,1,0.772691383515194
"TVC.Cell.Volume.frac.max",1,0.0215275062296134,1,1,0.456009328486324,0.0376125777494965,1,6.35812284420825e-19,1,1,1,1,1,1,1,9.67524683403771e-08,1,1,0.0886305479944622,1,1,5.90652202751538e-14,0.00628580729346201,0.458867838202914,1,0.243663117743078,1,1,1,1,1,0.0161498179497567,1,1
"TVC.Cell.Volume.frac.mean",1,0.0134811941480172,0.0894089539134082,1,0.855400822760457,0.0216205433727312,1,3.72986182255991e-16,1,1,1,0.0255189645608206,1,1,1,1.10536153794217e-05,1,1,0.403543248663994,1,1,1.677811304862e-15,1,1,1,0.191618602895049,1,0.281814489867139,1,1,0.685457114864824,1,1,1
"TVC.Cell.Volume.frac.SD",1,0.63399446555883,1,1,1,1,1,5.59553373667021e-25,1,1,1,0.0784293152265192,1,1,1,1.09134145081181e-08,1,1,0.495265193285376,1,1,2.60521843837612e-06,0.093857009432922,1,1,1,1,1,1,1,1,0.0016283052590949,1,1
"TVC.Nucleus.Ellipticity..oblate..min",1,1,1,1,1,1,1,0.956145507979813,1,1,1,1,1,0.578217695349526,1,1,1,1,1,1,1,1,0.703779364203004,1,1,1,1,1,0.813796775972631,1,1,1,1,1
"TVC.Nucleus.Ellipticity..oblate..max",1,1,1,1,1,1,1,1,1,1,1,3.64050144641859e-06,1,1,1,1,1,1,1,1,1,1,1,1,1,1,1,1,1,1,1,1,1,1
"TVC.Nucleus.Ellipticity..oblate..mean",1,1,1,1,1,1,1,1,1,1,1,0.959835101454772,1,1,1,1,1,1,1,1,1,1,1,1,1,1,1,1,1,1,1,1,1,1
"TVC.Nucleus.Ellipticity..oblate..SD",1,1,1,1,1,1,1,1,1,1,1,1,1,1,1,1,1,1,1,1,1,1,1,1,1,1,1,1,1,1,1,1,1,1
"TVC.Nucleus.Ellipticity..prolate..min",0.617004585891747,1,0.294506166979261,1,1,1,1,0.00407617348366083,1,1,0.0221617722920806,0.000313844212655999,1,1,1,0.0168341084876623,1,1,1,1,1,1,1,1,1,1,1,0.147007604346682,1,1,1,1,1,1
"TVC.Nucleus.Ellipticity..prolate..max",1,1,1,0.241774746773431,1,1,1,0.158566408564116,1,1,0.291405373763738,0.234714153436342,1,1,1,1,0.255692019302516,0.48857181864072,1,0.0106440957502106,1,1,0.109363404769456,1,1,1,1,1,1,1,0.19487869051124,0.007939128216591,1,1
"TVC.Nucleus.Ellipticity..prolate..mean",0.760614463481472,1,0.230163702842776,1,1,1,1,0.00341497605887605,1,1,0.00117021732376467,1,1,1,1,0.450803611415452,0.730928603928815,0.201875195719785,1,0.619663208000493,1,1,0.949496665753608,1,1,1,1,0.257283861818784,1,1,0.0283846255519534,0.0222447602065536,1,1
"TVC.Nucleus.Ellipticity..prolate..SD",1,1,1,1,1,1,1,1,1,1,1,1,1,1,1,1,1,1,1,1,1,1,1,1,1,1,1,1,1,1,1,1,1,1
"TVC.Nucleus.Sphericity.min",1,1,0.337992588296658,1,0.755084875770962,1,1,0.248054778525192,1,1,1,2.13738924941535e-09,1,1,1,1,1,1,1,1,0.173288259643095,1,1,1,1,1,1,1,1,1,1,1,1,1
"TVC.Nucleus.Sphericity.max",1,1,0.994836244602027,0.168720570674179,1,0.754865471615048,0.0149074777411823,0.0516269125809011,1,1,1,1,1,1,1,1,1,1,1,1,0.372973964664169,1,0.0909456417410845,1,1,1,0.187463295371112,1,1,1,1,1,1,1
"TVC.Nucleus.Sphericity.mean",1,1,0.309533838262225,1,0.456009328486324,1,0.22727196686905,0.106522709862713,1,1,1,3.14850160124346e-05,1,1,1,1,1,1,1,1,0.0146045647789142,1,0.236132992763663,1,1,1,1,1,1,1,1,1,1,1
"TVC.Nucleus.Sphericity.SD",1,1,1,1,1,1,1,0.331001486696958,1,1,1,0.742970157452728,1,1,1,1,1,1,1,1,1,1,0.394889871805964,1,1,1,1,1,1,1,1,1,1,0.162283107227224
"TVC.Nucleus.Volume.frac.min",1,1,0.000718825428954358,0.026609642032089,1,1,1,3.88273294557126e-06,1,1,0.588895692450578,1.35113868990864e-06,1,1,1,0.379942547823636,1,1,1,1,1,7.8759859321788e-05,1,1,1,1,1,6.54757488404073e-05,1,1,0.191090517513557,1,0.000445032292279215,1
"TVC.Nucleus.Volume.frac.max",1,0.885169652185424,1,1,0.544262844615197,0.154500203838191,1,3.59534555684796e-24,1,1,1,1,1,1,1,6.17007224254358e-06,1,1,0.935069658797645,1,1,7.81340062885428e-13,0.0589722360310894,1,1,1,1,1,1,1,1,0.115396250976667,1,1
"TVC.Nucleus.Volume.frac.mean",1,1,0.0259062958740561,1,1,1,1,2.38548887966082e-20,1,1,1,0.00014364871047098,1,1,1,0.000128146070062241,1,1,1,1,1,1.79948701973325e-12,1,1,1,1,1,0.0473420592281982,1,1,1,0.837135706062529,0.157370885998197,1
"TVC.Nucleus.Volume.frac.SD",1,1,1,1,1,0.426442683093025,1,2.67626878355613e-24,1,1,1,1,1,1,1,2.94654806138872e-05,1,1,1,1,1,1.5410826817317e-07,1,1,1,1,1,1,1,1,1,1,1,1
"nATM",1,1,1,1,1,1,1,1,1,1,1,0.00273943961822777,1,0.0496233587310692,1,1,1,1,1,1,1,0.0712159461819192,1,1,1,1,1,1,1,1,1,1,1,1
"nTVC",1,0.545995970738806,1,5.60928407009631e-06,1,0.256311951504979,1,0.00357711785655342,1,1,1,1.34752009620239e-25,1,0.00528970320510155,1,1,0.367511456213012,1,1,1,1,1,0.00030134811884231,1,0.430298065532657,1,1,1,0.00513022099943762,1,1,0.00909269236612988,1,1
"ATMgroup.Ellipticity..oblate.",0.154335368669531,1,1,1,1,1,1,1,1,1,1,1,0.112292848162234,1,1,2.52022618117145e-05,1,1,1,1,1,0.428627574081318,0.266278486711329,1,1,1,1,1,0.00652587969883444,1,1,1,1,1
"ATMgroup.Ellipticity..prolate.",1,1,1,1,1,1,1,1,1,1,1,1,1,1,1,1,1,1,1,1,1,1,1,1,1,1,1,1,1,1,1,1,1,1
"ATMgroup.Sphericity",1,1,1,1,1,1,1,0.917024016747331,1,1,1,1,1,1,1,0.000308535593270013,1,1,1,1,0.0450850839780082,1,0.130329079895652,1,1,1,1,0.0302854560898457,0.950507083604846,1,1,0.599761688768709,1,1
"TVCgroup.Ellipticity..oblate.",1,1,1,1,1,1,1,1,1,1,1,0.117915348402409,1,1,1,0.0576029136914412,1,1,1,1,1,2.70315024618794e-08,1,1,1,1,1,1,1,1,1,1,1,1
"TVCgroup.Ellipticity..prolate.",1,1,0.318222326387557,1,1,1,1,1,1,1,0.611475119345627,0.0236998589544763,0.976921485307808,1,1,1,1,1,1,1,1,4.06600402050342e-05,1,1,1,1,1,1,1,1,1,1,1,1
"TVCgroup.Sphericity",1,1,1,1,1,1,1,0.219415540431798,1,1,1,0.016656111312652,1,1,1,0.0338565846991453,1,0.887758285564052,1,1,0.0536054247266396,0.721186077997437,1,1,1,0.227316441500064,1,0.164864791578619,1,0.77257681297199,0.0135618414685235,0.0861108842475634,1,1
"TVC.Volume",1,1,1,0.0606814659559871,1,1,1,2.20913194327703e-07,1,1,1,1.46265497801096e-09,1,0.407514123634746,1,1.70905149970454e-05,1,1,1,1,1,3.50545994131092e-13,0.000184996821820311,1,1,1,1,1,0.281466401946824,1,1,0.00156306901444697,1,1
"ATM.Volume",1,1,0.0141184962539658,0.253164700165211,1,1,1,6.42516831938011e-08,1,0.718940375157463,1,1.43313519831008e-09,1,0.191968777358485,1,0.000336972065812566,1,1,1,1,1,4.46485600259683e-07,1,1,1,1,1,1,0.00724772250205795,1,1,0.0933902784520049,1,1
