"","Condition","condition","1","2","3","4","5","6","7","8","9","10","11","12","13","14","15"
"1","Condition","5HTR",0,0.374264360760345,0.752613369923874,0,0,0.677192828372411,0.000163692977899011,0.792258542695536,0.426953639359731,0,0,0,0,0,0.0750564692344102
"2","Condition","ADF/Cofilin",0.00271157720663266,0.203820783279154,0.166083150069035,6.12602167298726e-05,0.0400687806911517,0.891061007268798,0,0.894590977973805,0.547072493449157,0.160597822341589,0.81345395939714,0.124034027286119,0.118055478558543,0,0
"3","Condition","Arhgef8",0.36562637917686,0,0.67876084652006,0,0,0.82639992120825,0,0.279424799395001,0,0.9774092406534,0,0,0.00493413553935186,0,0
"4","Condition","BMP",0.624741362386443,0,0.0731862801136505,0,0,0.246671381898777,7.44619209509792e-09,0,0,0.9774092406534,0,0.495714740090139,0,0,0
"5","Condition","Col9a1",0,0.269855859350716,0.752613369923874,0.576968713600644,0.98315889814949,0.891061007268798,0,0,0,0,0.420931704372208,0,0,0,0
"6","Condition","Daam",0.0915329789391112,0.115156405550061,0,0.0076609062584547,0.98315889814949,0.82639992120825,0,0.60358488830398,0.284063196956374,0.317986540883081,0.703039699280469,0.897403544438423,0.226346966939605,0.633258598332608,0
"7","Condition","Ddr",0.727888061608106,0.824274687440294,0,0.801169071209285,0,0,0,0,0.0858602796766337,0,0.420931704372208,0,0,0.621316703918465,0.284800591289876
"8","Condition","Depdc",2.09999794486198e-31,0,0.0754134251163536,0,0.000310761524890782,0.131536790762232,0.00795858849168956,0.0289972069633571,0.0237981653615615,0.12297436984226,0.109776690337401,0.275082525260317,1.50979391062089e-05,0.743512740766824,6.67413447712865e-05
"9","Condition","Dync2h",0.104764398544216,0.944300537052117,0.548417998200637,0.724602269830218,0.768155064994697,0.336104914384007,0.731361213235664,0.0707049900978249,0.748415202609501,0.9774092406534,0.947595693525995,0.546874543062076,0.513201761836878,0,0
"10","Condition","EPB4.1",0.104764398544216,0.824274687440294,0,0.507794442778367,0.420847922635824,0.891061007268798,0.0114612457102686,0.894590977973805,0.864515605991598,0.612643903078177,0.947595693525995,0,0.513201761836878,0,0
"11","Condition","Eph",0.0145107361462349,0.678397074354138,0.341000284440249,0.11947247794159,0.00437794822298717,0.677192828372411,0.620316110241977,0.866055201620276,0.131104293540863,0.847680922695784,0.0878797356580166,0,0,0.85262005140847,0
"12","Condition","Ets",0.00232789023394071,0.678397074354138,0.000767958912881984,1.00721684682244e-05,0.0016573689057325,0.0355643527601237,0,0.541580756312734,3.53455036007979e-12,0.575954766138823,0.5726227119514,0.764501226446727,0,0.739833543479809,0.598296391816881
"13","Condition","Farp",0.125803242252928,0.641734931201339,0.0202111993219094,0.17212508357829,0.374337477240056,0.375210849516282,0.308851240211932,0.866055201620276,0.439638000580194,0.9774092406534,0.703039699280469,0.584612224287869,0.54711215087216,0,0
"14","Condition","FGF4",0,0.440608569760565,0.497679295120385,0,0.725981730301,0.891061007268798,7.22768504687083e-05,0,0,0.34983490479911,0.825630006766692,0,0,0,0
"15","Condition","Fgfr",0.783659462876419,0,0.548417998200637,0.910523880246257,0.98315889814949,0,0.00262129775631566,0.894590977973805,0,0.612643903078177,0.947595693525995,0.505468947492319,0,0.929585698802694,0.139857935378631
"16","Condition","Foxf",1.04633404332068e-05,0.088226455236731,0.0155718347368564,0.00973239671053527,0.136961798450822,0.0443806667956622,0,0.415086383105411,0.947898149355265,0.612643903078177,0,0.545741407624411,1.15108913584248e-11,0.218348774198178,0.878013012053882
"17","Condition","FZD",0.0678707797987485,0.115962755756845,0.0754134251163536,0,0.139313106867693,0.489720416436283,0.281137338676125,0.792258542695536,0,0.9774092406534,0.792788451630428,0,0,0,0
"18","Condition","Gata",0.603997183070848,0.000910180358996543,0.108322329149462,0.0593586824236335,0.98315889814949,0.246671381898777,0.188891193939672,0.866055201620276,0.284063196956374,0.850484380154912,0.5726227119514,0,0,0,0
"19","Condition","Gna-L/S",0,0.00995896346669631,0,0.529265084606138,0.98315889814949,0.677192828372411,0,0.731931629650759,0.820486578333297,0,0.0520716521107145,0,0,0.621316703918465,0
"20","Condition","Gna12/13",0.55285284428679,0,0.604271393793821,0.202594815960042,0.917907135145963,0.82639992120825,0.618582977552318,0.792258542695536,0,0.0152216176345529,0.703039699280469,0.625635698747802,0,0,0
"21","Condition","Hand",0.351540533495514,0.956397710910199,0.752613369923874,0.350802144868977,0.0016573689057325,0.785249804043815,0.373589890675292,0.894590977973805,0.175032402282451,0.850484380154912,0.420931704372208,0.746272239322569,0,0,0
"22","Condition","Handr",0.0915329789391112,0.0171037901329634,0.752613369923874,0.0113187587760999,0,0,0,0.866055201620276,0,0.34983490479911,0,7.91898841706996e-16,0.239401427144533,0.591272918803935,0
"23","Condition","MRF",0,0.015446721825209,2.28030104907947e-05,0.435011427969203,0.0230400574348312,1.94985438511475e-08,0.432468858927609,0,0,0.612643903078177,0.825630006766692,0.205153170092464,0,0,0
"24","Condition","NDE",0,0.566190076990676,0,0,0,0,0,0,0.284063196956374,0,0.350138069078355,0.746272239322569,0,0.591272918803935,0
"25","Condition","Paxillin",0.0915329789391112,0.14473578846376,0,0.0911061029819534,0.98315889814949,0.322162240296597,0,0.866055201620276,0.841325567369909,0.9774092406534,0.703039699280469,0,0.49729431838196,0.591272918803935,0
"26","Condition","Rab5",0,0.353272977897206,0.524862110079065,0.94998699565973,0.654325588643607,0.521679670599039,0,0,0.775717827639008,0,0.825630006766692,0.183447926957535,0,0.85262005140847,0
"27","Condition","Rabep",0,0.947467454113402,0.534786152066158,0.107463771362896,0.98315889814949,0,0,0,0,0,0.825630006766692,0,0,0,0
"28","Condition","Rho",0.783659462876419,0.824274687440294,0.220856514784362,0,0.98315889814949,0.336104914384007,0,0.866055201620276,0,0.612643903078177,0.66127822784679,0.546874543062076,0,2.12448984404633e-05,0
"29","Condition","RNF149",0.169263541007488,0.14473578846376,0.711846850575829,0.910523880246257,0.402593176199299,0.456541954210889,0,0.792258542695536,0.547222856630572,0.225868695348129,0,0,0,0.989385530554532,0
"30","Condition","Rock",0,0.678397074354138,0,0,0.98315889814949,0.891061007268798,0,0.994613883323399,0.0107432709434071,0.9774092406534,0,0,0,0,0
"31","Condition","TLE",0,0.960542931332746,0.548417998200637,0,0.98315889814949,0,0.0114612457102686,0.415086383105411,0,0.9774092406534,0,0,0,0,0
"32","Condition","Tol",0,0.0879236529743368,0.0687214631386817,0.0572785788093656,0.492703899324912,0.00583674422198499,0.380658739692596,0,0,0.938346391830774,0.61683577542584,0.807466117593315,0,0,0.878013012053882
"33","Condition","Tyrosinase",0,0.354290255784749,0.752613369923874,0,0.879074382104458,0,0.947715151525315,0.894590977973805,0.864515605991598,0.160597822341589,0.81345395939714,0,0.173020878024188,0.929585698802694,0
"34","Condition","Vangl",0.946728783991391,0.947467454113402,0.85436742484545,0,0,0.785249804043815,0.232522388549817,0.866055201620276,0.840277281727389,0.9774092406534,0.657174637346988,0,0,0,0
