"","V1","V2","V3","V4","V5","V6","V7","V8","V9","V10","V11","V12","V13","V14","V15","V16","V17","V18","V19","V20","V21","V22","V23","V24","V25","V26","V27","V28","V29","V30","V31","V32","V33","V34","V35","V36","V37","V38","V39","V40","V41","V42","V43","V44","V45","V46","V47","V48","V49","V50"
"3",0.552712469522814,0.606227451349877,0.645819299389803,0.61776328671031,0.665799053049588,0.700067097754897,0.718269653052262,0.717727458180335,0.724159331979237,0.699512983704992,0.694549763033175,0.691070168886676,0.694284690248408,0.674342105263158,0.692518573531344,0.689366467428606,0.687583552201887,0.687053722210777,0.679471788715486,0.698989904430766,0.689177991382168,0.692572656388446,0.686735264450487,0.721933971328644,0.724858507540812,0.697779024550678,0.706191487517337,0.727691076430572,0.712738124437904,0.701625807928949,0.687852643878702,0.712278381231045,0.675860490712639,0.681312217069898,0.666978458523331,0.66849562209312,0.673930803395552,0.677820905686074,0.701086941405848,0.680571495101708,0.69617489071414,0.679468466824789,0.680133273781954,0.676007219680232,0.672475505808839,0.686257472063379,0.692084622639948,0.685130302327892,0.695794843854479,0.689416807534412
"4",0.54320277768585,0.613546135353926,0.6330153980281,0.616011790831008,0.655184565149583,0.707402929551267,0.687239972678804,0.716866323726305,0.715157259571741,0.708663662956509,0.702634107285829,0.692666698451547,0.675067643781962,0.681165663888528,0.687712531042643,0.686107070054963,0.683468453212537,0.686682514527206,0.682988679245283,0.69667701863354,0.681021942477489,0.694594283669087,0.709507493275266,0.70996337092518,0.702718319243743,0.687659376774438,0.687161639597834,0.700696109481379,0.693263466597662,0.695880735198661,0.690972869421145,0.683405676010518,0.690082458472641,0.683978287421725,0.686471079659934,0.695874001774623,0.686862919257285,0.691400163371424,0.67772858652276,0.671129713725779,0.670172914432208,0.679412176274109,0.674165018677214,0.681728846211994,0.697736330800847,0.698923651621793,0.687126524126973,0.707096968813831,0.696031123293732,0.703208031446644
"5",0.595805914404437,0.648195702959082,0.652561618911737,0.637736884168355,0.683330750326566,0.688168836853047,0.682711631490734,0.704658264308461,0.709400238438125,0.706443228669443,0.703365034114574,0.691089791172455,0.677267426213331,0.699190606317886,0.722170360389503,0.683573720420313,0.684122877255762,0.693475104884646,0.690182954038376,0.679674518334611,0.689681618086035,0.681307369525308,0.700515271528397,0.686162410634882,0.700453203200971,0.697621974162799,0.702916791529318,0.697241407617193,0.710232776346039,0.709326146991281,0.704727651317969,0.704034685467254,0.708066824679616,0.699373286329808,0.715410124255863,0.688897711232103,0.682179774029603,0.696461497825639,0.701614612775579,0.70032796379179,0.696204880472762,0.689250952609731,0.694734498947709,0.692570869990225,0.694721407624633,0.69453810904424,0.692680010249694,0.699001583391977,0.705030388031791,0.705203262605207
"6",0.579571942375346,0.639702882410021,0.637786418915392,0.646911321627749,0.688646324059465,0.667807791106498,0.68641620919415,0.707467172056248,0.707891351667104,0.695198544534093,0.698903039565291,0.699912507819073,0.702996361140773,0.708941445401794,0.709566499763044,0.697331425598335,0.692200844332298,0.689857492370167,0.686093582749869,0.676730119448897,0.693631344073822,0.699417995523512,0.700660048459254,0.702081475772368,0.69621896303241,0.690255632214494,0.693415200021965,0.697860841776733,0.712919296080266,0.71329136124298,0.714724518500985,0.707189857165784,0.715870373123235,0.708035777555568,0.720225370857846,0.707248049453373,0.701325785788768,0.695161275835122,0.694032789480454,0.695815101850338,0.699174820376302,0.695923262831711,0.687777278177458,0.703318537264936,0.693974033021475,0.70756447082791,0.69986930897743,0.688199784288039,0.704739630519557,0.704906371703448
"7",0.573145968538897,0.613971308457723,0.632611424215864,0.634180373514854,0.663012313547242,0.67035382591541,0.700400929378073,0.700500352720529,0.732201312910284,0.694703208438148,0.701561209574589,0.702521226823774,0.689343525064638,0.708542312790036,0.711498437837829,0.703926134738734,0.701209437744935,0.700262920279638,0.690609095803578,0.679992083910548,0.698388386282348,0.692808875644668,0.700599034865081,0.682813128415002,0.686150942600045,0.681840873097845,0.69093185608651,0.691456536015329,0.694565029222019,0.709769418218777,0.703788224554998,0.711734933811078,0.704951329573777,0.710950276712938,0.716940457371004,0.687063878328866,0.686441738121867,0.692209428583042,0.694839313140178,0.69889626161369,0.700985456765922,0.699980205661514,0.692870096354089,0.693876188364354,0.697523021350366,0.699321158457849,0.687672180831328,0.695208271053762,0.694795635080228,0.704696143849958
"8",0.585100286532951,0.601915695979737,0.615927329963643,0.64087990844781,0.652948278595558,0.670426877470356,0.697108013102328,0.689669529989872,0.715970214623212,0.703032180376325,0.70568918157487,0.705524020033814,0.693435704479585,0.706853245450355,0.703849939425272,0.698560069744116,0.696066749108273,0.69613940740396,0.682972582972583,0.679865964405707,0.684899848126535,0.689572326683345,0.698004062259395,0.678332624255378,0.683313383304422,0.675323243057356,0.679662205154483,0.699938117056473,0.693973225785085,0.696312098836116,0.708704173649796,0.71934335387852,0.714776207607863,0.700673088549434,0.707522800193102,0.700610373884894,0.70566033228623,0.694983253075908,0.699505457597176,0.702313838017273,0.688356523947555,0.682246879334258,0.68921523294518,0.690494920735351,0.691520178751508,0.700189129357904,0.695076509683251,0.701365597393418,0.694774578622697,0.688404300018566
"9",0.558953596684165,0.601653985213966,0.618720822978302,0.648972645449958,0.65171605192311,0.660503807621104,0.704902268585799,0.691805207736174,0.706193454444087,0.685849265715411,0.701215036210051,0.700540831841715,0.699191303693673,0.707006575541058,0.711431283041158,0.690562413812615,0.699147143841016,0.689455628700858,0.684284531726504,0.686821158809847,0.691515246321527,0.677984624495868,0.691181094600614,0.684797221705739,0.682019296607532,0.695476072861994,0.690177015781465,0.701166903218382,0.714274299258956,0.716708581026511,0.7037693736555,0.725066019999854,0.709791362645549,0.707597487512595,0.708032128514056,0.695392371870761,0.698672576537059,0.700388935785795,0.695590554219027,0.6922011526306,0.682886797171353,0.691294304169841,0.695088245088245,0.691531950070469,0.704006163328197,0.711677838378338,0.709595440333644,0.709671514822269,0.699154711936743,0.714579063025132
"10",0.556031016069145,0.599234770977404,0.611773249268987,0.62753116220713,0.644240742298097,0.668444717418042,0.702447309530142,0.691664267875833,0.701534284438117,0.694645138523427,0.715458835225145,0.709170092988958,0.695877380666017,0.709753423877452,0.70487644260055,0.689176056098308,0.691449586151245,0.690817303360663,0.686651348758768,0.692352582058465,0.694917046510722,0.6814850102798,0.683000392282018,0.682198552413854,0.692218983246308,0.690242394449011,0.693868556442358,0.702055526185273,0.702939977014051,0.720657394731469,0.70535028102522,0.717315222738216,0.707871419018693,0.703482132905054,0.703392879431999,0.692300001345918,0.696572428912666,0.683047582306435,0.689878259935842,0.68577049767069,0.683427844718167,0.688809404117774,0.699388658367911,0.697006650782552,0.703941007666405,0.708878849118337,0.711017098373063,0.711348648198912,0.71358936937144,0.723818450438969
"11",0.569801515151515,0.603645215274608,0.625174805249387,0.637925308140822,0.644131829832746,0.65656931537491,0.699834049916107,0.694174408783784,0.702437677121221,0.700658995397659,0.703703131278786,0.708235294117647,0.703836044873481,0.703609609229153,0.709158113391984,0.690433290586052,0.688901638106741,0.68300281850072,0.692936569431261,0.696673305082631,0.693456628766618,0.683902883393093,0.692746246183971,0.683156890161351,0.68694737447044,0.695884593832539,0.697399798815577,0.709445022415633,0.716482611066579,0.715342146034568,0.709681452452138,0.69942439326024,0.708664356381181,0.698340783107789,0.70506924835283,0.698166403988082,0.687673867609478,0.693372483221476,0.692125657962893,0.685484704308345,0.683156243562346,0.690372870300336,0.693971256771995,0.697422864276797,0.69931301896748,0.70409489630519,0.708365189053243,0.712100741074343,0.711667771709648,0.709492778123913
"12",0.566891713654499,0.602528213962322,0.620612157534247,0.651820882953674,0.643941207977567,0.656548084621307,0.693683502272101,0.689700953606515,0.707895690840409,0.693265485746209,0.695849325464905,0.704211929960928,0.709470957914178,0.701563370394692,0.69731049053344,0.681232324644163,0.68178579618043,0.691266671503312,0.698782113699348,0.687390304747098,0.691197006661902,0.682741491330524,0.689914640191276,0.683818748180856,0.680501725916367,0.700577615049555,0.697302967879759,0.702512315751746,0.707750405515004,0.702653943372019,0.702343249568928,0.696390313835262,0.706308817218733,0.706183495954212,0.704017910606645,0.692947364797564,0.688007072476243,0.683350327437584,0.690622811714792,0.69178525473323,0.693783380992514,0.691835743306332,0.69468449144959,0.691145523257753,0.69689194060827,0.702353400515648,0.704071515132438,0.695404629687403,0.702197235096216,0.700749931977684
"13",0.560517508697625,0.611056005464774,0.607774311505663,0.655355290249772,0.646951549191088,0.657358861838928,0.699155117898809,0.682781496683092,0.703356216628528,0.691410284928961,0.696628850666265,0.692987653253184,0.69951193729144,0.700907720490973,0.700301194741931,0.679158394730118,0.689710162846108,0.678659703375595,0.69360943303163,0.692423605145438,0.698292363384469,0.682658541874944,0.682234425336276,0.689617312834225,0.68403779452018,0.686072031338552,0.704447486159063,0.704739763011849,0.709185975666813,0.701227336400018,0.694717787405781,0.690675111831951,0.701491077011451,0.70448637970472,0.697170096611437,0.696840279311603,0.684801761124229,0.691590702419766,0.688798940922702,0.694595588740627,0.689246333308198,0.696743702915105,0.698203057480585,0.6935899628855,0.697462560474157,0.69909695309093,0.701500552360043,0.695838797353525,0.691181264964827,0.693076634010627
"14",0.569387319116169,0.606191977579261,0.608276823594162,0.646307871273034,0.645721789176655,0.650145157935823,0.7004514713208,0.686864294898287,0.700473872478519,0.688376055469207,0.697874573602729,0.701094673420831,0.707981303465914,0.700269477803539,0.691490524103556,0.678683940865699,0.692460136258197,0.690367931888533,0.692257119477291,0.688366520225937,0.687780421811858,0.681166990291262,0.690121268412653,0.693280027711226,0.695872678077051,0.686494230497911,0.697919503576661,0.700815097991327,0.701947864786644,0.695231306252287,0.688111482756597,0.693383269065811,0.687121268319698,0.697507948772662,0.692230584925319,0.69724188039027,0.694860483384374,0.691858482523444,0.687343335467935,0.690586098199498,0.688002794986379,0.682827832453798,0.685009356104935,0.683569234286368,0.689220721832299,0.686862694133539,0.690392951606583,0.68907086373971,0.690194083663156,0.692329891569201
"15",0.570881890514079,0.622990078105641,0.603878669536468,0.65264573254864,0.646599487844624,0.654339950708109,0.682860428257392,0.69140958229029,0.694225115669812,0.675253576638658,0.698666171163507,0.699263845546574,0.705955034856117,0.699009788135349,0.694143495349462,0.683118091357716,0.68855681448893,0.692676641107977,0.701941444309622,0.690780762586469,0.689550103905217,0.681595450439672,0.691474344490709,0.689639289807529,0.69984313973875,0.693182014010357,0.697411649732479,0.695063125621027,0.697129596169242,0.693793566451072,0.692016593104424,0.693561030631115,0.688897816495398,0.701264839197065,0.703250557742626,0.695415276885786,0.691732499817351,0.681212948096902,0.689863370389773,0.692230373914584,0.685481158601391,0.687154416425228,0.685723028707281,0.688907383344771,0.692009579097042,0.694866018274826,0.699816855746151,0.690902305037058,0.68197159233448,0.686291410829094
"16",0.574970588674608,0.615642359979431,0.608717401454012,0.641182903723717,0.645865169490418,0.669157328109815,0.68749425988934,0.685576827752062,0.69108466186537,0.676072376539575,0.699926499732551,0.695875105134008,0.700142740445442,0.695688507924538,0.689536230620224,0.673654514814736,0.689140790306045,0.689188642964794,0.698445314250571,0.697264823774538,0.690363363730704,0.684803886353898,0.69127041695881,0.688303791107529,0.697820187344243,0.687210859782985,0.684965141118575,0.701375821266824,0.697651355911825,0.694055879237288,0.697248656658533,0.694679618836399,0.687438319771711,0.698139737386331,0.693006630598759,0.687523874506374,0.690325786050819,0.681681345171057,0.684239165178711,0.689549527654295,0.681691241235513,0.683865905933954,0.682057481309186,0.684072466722013,0.687934045296324,0.682571477778156,0.69448927604345,0.683082668648325,0.686567893844158,0.689110510367496
"17",0.56051341870372,0.616378760020437,0.621636003138387,0.642335755327881,0.64213520721578,0.674644674001929,0.689618721294744,0.693090315760046,0.690348075164841,0.669581653776753,0.698477541371158,0.692194917254583,0.693845806779087,0.695132188626356,0.679904514615164,0.67689066969731,0.675182528652324,0.681857901329393,0.693631655992328,0.688368282474944,0.685311563398602,0.684623973127759,0.685026988213852,0.684473455677174,0.688990129438421,0.687718638034982,0.687386843315835,0.693911623264676,0.698743214968858,0.696505263157895,0.692699049108746,0.696594521659684,0.693004459092371,0.697910300855627,0.696333876632768,0.683934611354518,0.675146261139995,0.685564813857202,0.690314246501383,0.681876913652986,0.680792882867513,0.683029581634907,0.682655739236014,0.675837592254924,0.679947645300517,0.686216312403351,0.687743774424375,0.682765247167516,0.689911925021912,0.690559584809174
"18",0.557673135285126,0.625919838204668,0.61306834180091,0.648366535920727,0.643888120358709,0.672958647275276,0.676568382139257,0.694216475251996,0.692547075466483,0.669346184218519,0.695860471672661,0.692117280855525,0.695502352640961,0.700275984720532,0.684620444574738,0.668089432426292,0.677862119448347,0.675538032020278,0.690546976558928,0.6802962935029,0.68056782076625,0.693644378172901,0.681210617049102,0.686197448656054,0.692594748747122,0.681591814022799,0.689298857985579,0.690541441298135,0.689775566018411,0.694390350597378,0.697691447713106,0.696078846669773,0.688110892807382,0.692850034275244,0.686361787539569,0.684852023533214,0.6825279326175,0.684679972810104,0.687333455470881,0.686001518349121,0.680038810440862,0.681014186848666,0.684580703760701,0.679396564827481,0.681790389298285,0.676431242631962,0.678205675272029,0.679100379280502,0.680147101171263,0.684766353186366
"19",0.562143677121748,0.629143530491794,0.624098914301622,0.649203253725762,0.651466340559705,0.664521663423128,0.677813755887499,0.686188088190335,0.688348089157806,0.666582126959189,0.692967984872598,0.697289952839615,0.687659233538667,0.692349611192177,0.684109258812307,0.670144429686505,0.670640891835167,0.678181069415587,0.685708281948645,0.689631337639888,0.678329755489926,0.685149491243081,0.689954751131222,0.693992139247614,0.699163857255173,0.683602072085218,0.688061157463698,0.690108644064761,0.685922450544741,0.694627012263624,0.704232761343594,0.696220933475222,0.697645144453655,0.692323702059968,0.689007072931861,0.68164171004371,0.684413630359384,0.687876564619044,0.695008202562404,0.690883031026916,0.683591625277538,0.681522380659099,0.678816152306123,0.685136348050586,0.683685584638354,0.683748632234439,0.673621064544406,0.683071454113292,0.681735140707632,0.678636762310487
"20",0.564187035069076,0.626580838388648,0.624893517554373,0.649518529325941,0.647401848202653,0.672215389728093,0.682176214768056,0.686484770625967,0.685000915367827,0.679488699982373,0.684192451563225,0.682611628692848,0.691186907119488,0.690779432575438,0.688491876056276,0.672151050379197,0.670198298586149,0.676706376862096,0.687324535285808,0.679738185192727,0.680212049005848,0.691912482360706,0.689209846926981,0.690748106299495,0.695843931943926,0.687361042514797,0.692559974313105,0.691538001973024,0.689415656711767,0.691701180365155,0.699913957285445,0.700083817187095,0.687021225076314,0.690085882195629,0.691894896312911,0.68123163161593,0.684700447668747,0.690602346286037,0.691087075901917,0.691057024879991,0.682589145510258,0.684063625354282,0.685850116397602,0.68533346573265,0.689119681532428,0.690223398661963,0.681844210548724,0.691881228773232,0.678916548184206,0.680709610920657
"21",0.56134175301421,0.622772229292314,0.633673434848706,0.652028256698449,0.642781935803717,0.671732414013165,0.677303715762988,0.682940925609332,0.691570597527772,0.67847903363391,0.683726213810323,0.683867072489237,0.680867081530331,0.692022069106059,0.688742652223742,0.672537523452158,0.673845841181642,0.673119801795824,0.685876792647319,0.679096391182163,0.687775932643051,0.69413321992903,0.697670889315419,0.690161758336997,0.691022124980691,0.685086661329923,0.694921821984961,0.690411612134913,0.68769550209821,0.687742102370097,0.698364633099172,0.698893079412073,0.689510061043397,0.694798042327855,0.696021605213234,0.690741375959816,0.688482393237341,0.68264847828453,0.684869028931761,0.686866167598471,0.688360075611377,0.685236808781148,0.690926607111578,0.686003944653401,0.690283385403388,0.679323929825628,0.684360618014464,0.689056894889103,0.685230821268294,0.681263211526284
"22",0.55721047683596,0.624305245755373,0.632196651102203,0.656035709664898,0.642703369899576,0.667543481665044,0.676662392600003,0.68532282535919,0.686126192302844,0.6703298065796,0.695315168684796,0.68211241749081,0.679262153396089,0.689804101345915,0.692128147528735,0.673058254866296,0.674561742586075,0.684292865081348,0.689749813683204,0.686215748818638,0.682604304554591,0.689913734339374,0.694295655795035,0.691083391992352,0.69148811563563,0.692195293724724,0.688415688393754,0.690310857845837,0.682401169289635,0.685582261361086,0.697107303797748,0.696178065760207,0.687734562128378,0.695550551260417,0.696740717205889,0.687654435861989,0.687366746714529,0.687304947217021,0.686720954860744,0.689464989778699,0.685078231319654,0.690238283815632,0.696838936276969,0.682835186901452,0.69025943897771,0.693022305168861,0.68157792911314,0.684780582480695,0.686412000265258,0.67908319936852
"23",0.560843490844326,0.614109666868603,0.631727786669961,0.645234356990727,0.645922358141378,0.670530586272888,0.680896955839281,0.681717384143963,0.691155074984351,0.678135147059553,0.688877876986485,0.683499585478093,0.682401065760008,0.685862593701623,0.6917872039099,0.675134156335087,0.67660469528752,0.680486342363887,0.696090511325646,0.683442519390274,0.676631727185037,0.690521032083835,0.6949943997313,0.690357603442194,0.690060391366749,0.6889949833542,0.690739124108832,0.686136733110822,0.69055759055759,0.692372661122661,0.697374246966983,0.693286751260083,0.680186802612831,0.690422514170371,0.69123193177208,0.679504538015176,0.678902926030808,0.688811631981119,0.686087997515321,0.680510183633211,0.681229985502143,0.693953823106786,0.6888295628132,0.687196377109922,0.686990402144002,0.68782340140862,0.681647306687251,0.681707410893167,0.681246325812963,0.686397946497352
"24",0.555110090702191,0.614555685955885,0.63041641761307,0.64146320874024,0.642633409963757,0.662760580706607,0.679919696574429,0.676683144847939,0.686061245630712,0.675998253752954,0.689331993568383,0.678354938418286,0.686264151639193,0.683405381035405,0.692096153036145,0.679384166491672,0.685092992481285,0.67895251313276,0.690802346351945,0.677139512836144,0.676054780097868,0.694595084528969,0.693159948130708,0.692095258068003,0.692268052751023,0.68795815920429,0.695932899708588,0.698411582295609,0.693849344845985,0.689302977995033,0.700424208559651,0.690949071802603,0.681540239079234,0.684348574894469,0.68684633232197,0.677571222652758,0.67667567724036,0.68184551498786,0.682971598376796,0.685358750613861,0.685534870148818,0.68643121192994,0.686834980895167,0.684243017858005,0.683485433835285,0.691929730942359,0.687407463590887,0.689648288563882,0.687000733308357,0.682160932161597
"25",0.554922975373165,0.610279157350334,0.625779344161731,0.64367866424434,0.649020008277382,0.661450395558825,0.680220511545239,0.680589230645268,0.680495650051893,0.680171431389093,0.682543743657554,0.676378269617706,0.686700300938219,0.681210964607911,0.691194302100135,0.676370124255304,0.685198638804561,0.678464879972268,0.688837795577252,0.677776587643564,0.675337841057457,0.695605074065748,0.688525684186692,0.692930959587995,0.687932279778035,0.688758036360175,0.696210911320262,0.696114895487366,0.692807070078855,0.687429439791299,0.692885649017573,0.692070912005757,0.685474779935235,0.685865860437254,0.687240199259506,0.67394465928116,0.676048382717575,0.679572865520398,0.681943847343436,0.677477974117316,0.686156229218801,0.682696711315114,0.68424047162051,0.683181063216211,0.681334192636896,0.687001022080605,0.683288032002703,0.683696803250361,0.686208279350978,0.683723704185643
"26",0.555553033834679,0.608463715208699,0.626100519650338,0.636674956654088,0.653063832344347,0.663207855384726,0.685283710879278,0.682062362316067,0.686446010776521,0.67734593380254,0.681020327618725,0.676129374299543,0.680623228855881,0.685287472235697,0.694716713677486,0.672974329873612,0.680228698676038,0.676229145239947,0.683244562564635,0.673526595694157,0.673687061983864,0.693270877891706,0.688935724506784,0.689270765733002,0.685649645324675,0.691142509887971,0.701354277705387,0.690455402263397,0.685407957964627,0.689989603205659,0.695174753381244,0.692101401467814,0.683627920497494,0.679195875312979,0.685397675895147,0.675760302674645,0.677188266629789,0.674316874400767,0.677714017080688,0.683648440577219,0.680101648090284,0.684427912446618,0.683998192137279,0.678671747781746,0.679821138879192,0.682270965249617,0.685841035841036,0.683921002461732,0.688939864831533,0.682979485326193
"27",0.554567292047546,0.610716905886115,0.627927947875131,0.632165057779064,0.650880449723489,0.660191388069044,0.677125127352934,0.686530545655339,0.683204888431978,0.67713936148842,0.680062427409988,0.675727471385185,0.678002310246409,0.68068197843075,0.694130456057937,0.678681090079534,0.681655194850663,0.675193272146806,0.682799413640417,0.677498724866568,0.682318210809899,0.692332086595853,0.685340532615653,0.687977273877421,0.68985573774274,0.692305096387881,0.693788970241843,0.688692669044695,0.687064728625077,0.693551236959572,0.693358110652228,0.692474602762175,0.685371715748009,0.681389372895438,0.681944552832839,0.672874777766496,0.680597505745935,0.680753042041644,0.685465127265169,0.682605403626864,0.68264797577549,0.681457691551419,0.682387558563712,0.683476777938899,0.680023391896023,0.681361036457145,0.676747180707847,0.681275335119181,0.679649106928785,0.684105805522034
"28",0.551145003388595,0.611643509164569,0.631325992333422,0.634887837550984,0.640790258917634,0.65806184295474,0.679886223495246,0.681095454545455,0.678425100158851,0.675479808321409,0.676584509514781,0.670151690297106,0.680542543655384,0.681181896195261,0.688217421725783,0.67774746215763,0.678225950898991,0.674467509048223,0.681975973427372,0.67673220550098,0.671977153160339,0.687040707660648,0.683592145319146,0.691704686891885,0.688275605542391,0.692927636311322,0.692187440944386,0.691551854604775,0.68598674499379,0.688732631652427,0.697021775217264,0.694026592371586,0.686166927032028,0.677754485521606,0.686797091030498,0.679099925815417,0.684102229899874,0.676051264747699,0.679284578755747,0.679156779411321,0.67926392331018,0.686596444417819,0.67895120259816,0.683239751623806,0.676374687536289,0.678316709828444,0.674692157214452,0.68351651339746,0.68223853039939,0.682817055411032
"29",0.548128182090446,0.611213596122261,0.626972072639955,0.635952037775324,0.642835053357855,0.657016276227948,0.680650588696566,0.683921040299906,0.680577731828095,0.676957521359798,0.675159241249398,0.66706321837408,0.678101204359382,0.677896650327032,0.692431677902102,0.677894205490506,0.67264477375838,0.669461990563216,0.675864768737049,0.671732318013899,0.674131167029919,0.686933811943741,0.689310970602158,0.694751591387487,0.691195513628025,0.690415943658583,0.687504433910548,0.692001746599284,0.69019282114108,0.69210685913363,0.692771953278919,0.694156922148191,0.682439442376791,0.680950023771569,0.675593886982427,0.677135519625877,0.677047999079282,0.674803234079469,0.675485233509341,0.680833388862975,0.678640960301327,0.678287156583347,0.678775982301985,0.682454017424976,0.679924018142093,0.679470767814238,0.681222943402484,0.684702758103837,0.6827552077052,0.679892350063508
"30",0.544466029752242,0.610388718885811,0.626022796328647,0.635704998510255,0.637424419733629,0.651389482376282,0.675209198345273,0.681422712747608,0.678470502846882,0.673048009745337,0.671119431453721,0.668201829508114,0.673523176010467,0.678078038682211,0.687197008423021,0.682202137619697,0.66891129986261,0.670304487675429,0.677154014416372,0.668906596566171,0.676932235051906,0.686593000663634,0.688055848842237,0.700759239936295,0.690812863606981,0.694436405775314,0.688356696710247,0.690170331548365,0.688251259725566,0.696897568231099,0.695746708476345,0.692215051800597,0.685905440656161,0.682523483758664,0.675733775600792,0.677333290819957,0.679614169333247,0.680115684691956,0.676414670946465,0.676095030860618,0.674980003498938,0.68231331275237,0.677986638877293,0.681474104300577,0.68077394088819,0.676559817978497,0.677275586721775,0.679502750793975,0.678049279416253,0.686548350468182
"31",0.55493259252787,0.613703469353924,0.625953556788519,0.631237279834199,0.642853606712619,0.652101653536897,0.677709654462123,0.681155282782336,0.677179083525565,0.670121069259212,0.67397573865659,0.665758823789912,0.672692878241274,0.67635630333199,0.68914842370069,0.683897460797008,0.67119014018252,0.671286721980775,0.675339319440443,0.673803098982219,0.674186884210891,0.691525914463193,0.695950521262145,0.700981007350877,0.692754878430554,0.696736553340901,0.694335777671134,0.685108249056226,0.689023626166882,0.691332110721225,0.696697011320617,0.693769857652615,0.680640143322191,0.680011805181231,0.675762940270524,0.677412349500485,0.679029200937871,0.673212447183022,0.676806801914082,0.682180783966133,0.67998142963304,0.677896752851049,0.678984600281586,0.679705877243272,0.680382072325481,0.674986009780079,0.681741035200363,0.679166340270343,0.682014054529375,0.684167650874086
"32",0.558892032436094,0.615261853289719,0.640621621807716,0.63172852838071,0.634352615064909,0.641087721194491,0.676946858876386,0.681616914803565,0.68140491974579,0.669560846461733,0.679181373459657,0.66512999140355,0.671615449053343,0.680360842325965,0.688276546586625,0.678139376651925,0.670932333567653,0.666434727576039,0.680254995857833,0.673371378006113,0.677202016492689,0.688890077281657,0.700437041017374,0.701031265120862,0.700764204137185,0.692482716520669,0.693691510655913,0.690964864717182,0.689998008781611,0.685413047954961,0.689181054672102,0.685877788977819,0.681274596910591,0.675978097097575,0.67554865633236,0.67794583401007,0.676466423057794,0.678216353965939,0.677769712681655,0.682842583106577,0.681338294010951,0.677365132187908,0.679158505204133,0.685954342245827,0.685108418044253,0.686029027296218,0.678968275537886,0.682640238898899,0.684103928349738,0.685329555005916
"33",0.555252653641054,0.611236741694963,0.640134626626482,0.632908021057962,0.638401420298746,0.640292117624619,0.673638570110378,0.677654559226476,0.679723756675915,0.665922340305389,0.674290020333899,0.661272685369071,0.671324978750024,0.681806288797159,0.685879871389743,0.673128283341806,0.672937965193568,0.668199379086106,0.67925351645871,0.671100270240176,0.682257677706751,0.688621312932979,0.701389017546042,0.697621753570385,0.703393216613851,0.689274714174685,0.688968492587834,0.691503905611661,0.697288771142197,0.682738126319432,0.685849749615487,0.688489286629477,0.680343078994156,0.678535443913229,0.675899425428473,0.680197314355215,0.678943992104614,0.677433764455991,0.680304471931494,0.677724007966683,0.679993286414952,0.684142452684726,0.682093641423688,0.687900116072404,0.682933914354137,0.68226349112009,0.682260595669951,0.680977013810627,0.685299187351882,0.688528138528139
"34",0.556315036100956,0.605543580977055,0.63578897953898,0.635205290088767,0.636848233749001,0.639158164112984,0.672058692845307,0.673356172026879,0.684180462235894,0.66648902412849,0.662469843222256,0.661099571725251,0.666632048975585,0.677623470083343,0.681904616626641,0.673405334668806,0.67620932036346,0.671435708140213,0.673877260316047,0.678335163389203,0.686882515261125,0.693318498365477,0.702740464449935,0.701393648031911,0.698169463099009,0.690359503408437,0.691364033744629,0.69175048730716,0.689040663252698,0.690679189740341,0.686448472428254,0.682323882448746,0.67687394007779,0.677645253035117,0.678413703402436,0.674020702544688,0.678657267539443,0.676202786423681,0.676243806315089,0.67977667150809,0.67675760802069,0.6797259834271,0.677465617532827,0.683712496405406,0.676040144392698,0.680282021248942,0.678860819676519,0.677495959797356,0.681901340939015,0.685912310246396
"35",0.560622868833826,0.602434063648985,0.635335707415976,0.637498027155361,0.636367928082115,0.641918882887605,0.66998033314315,0.672358004818499,0.679052097743013,0.661495710808189,0.658497882883256,0.661621450583696,0.668614942365969,0.675581288484514,0.678313131735185,0.675895703009769,0.679164835584768,0.671351293090429,0.67080485018905,0.681453267917562,0.686886886886887,0.694170949288755,0.701202423614888,0.698623853211009,0.704382381751032,0.692579723228876,0.690023473781149,0.693907382165148,0.690870209281008,0.687468543331619,0.68418566715294,0.686693529089379,0.68079000638623,0.675697539191515,0.67409414203864,0.675589541239902,0.676364778930125,0.675502444323737,0.680192895048451,0.68101637120054,0.676169659273625,0.677554287541037,0.680335333805078,0.682111743826482,0.681586688108119,0.679661727420409,0.677390555431784,0.67621437683457,0.677224702380952,0.680269065244254
"36",0.554512549116783,0.59820315040936,0.635876102088079,0.640765432642683,0.63212154574819,0.641356514484704,0.666846776845161,0.675863562704002,0.677148860534654,0.658785506980255,0.661234764175941,0.659705208729721,0.672032409716774,0.674572204532771,0.677170210619923,0.67147482692989,0.676111972168638,0.673499529801732,0.667480680018971,0.681538903958833,0.684920294104519,0.691993306900139,0.696578221014994,0.697979717320131,0.700967813701778,0.691930780251678,0.697044013585074,0.692994427039504,0.690214912917576,0.688068548270651,0.686092474500543,0.68180261349309,0.683490718804142,0.67467060849078,0.676979496401902,0.674738877949918,0.681070485273354,0.673448181652143,0.673557767620343,0.675749111615906,0.67386242103828,0.679209218560307,0.683616983865262,0.679159085785034,0.681898683566541,0.684022455942545,0.677066194467812,0.679639515930456,0.678274221387031,0.678691259753079
"37",0.54982588758544,0.597783440639995,0.639136746490777,0.636669988889615,0.636173431371405,0.640647109909251,0.666975901619703,0.677880943680893,0.677262989633759,0.659351884991649,0.657745928993186,0.654854130508032,0.668331233886073,0.672380304804091,0.679629139933521,0.670766093111808,0.675726412310491,0.681054977320605,0.668894406754972,0.682441788248138,0.685259283096524,0.696659415906694,0.696575417670752,0.701531622457176,0.69991421126549,0.691167233492534,0.694888994556726,0.689161621498589,0.686991585675109,0.686075535653788,0.684960113554302,0.680181873175062,0.673938931069782,0.673666797339106,0.673178169270408,0.673491499900727,0.673202859076505,0.669654765685919,0.680072471034591,0.677742406977082,0.680337623134728,0.680141658470952,0.682116297891185,0.679654139902923,0.682600567153413,0.679981404760326,0.677226958080789,0.680127750302645,0.68122871023038,0.681014496490743
"38",0.554616633217362,0.591973440047089,0.637279808204009,0.636322388142776,0.639878579721126,0.640130797952827,0.674005720409334,0.673384600455702,0.676410991117,0.66366201641778,0.657136963343334,0.652672716680941,0.676087653215,0.675667102068541,0.678544881874095,0.673029751451929,0.677286843892393,0.678446776048126,0.674881744641058,0.688773345752176,0.689034832277065,0.694009586303136,0.694653475329877,0.705055887859579,0.69971345874463,0.695570584096915,0.692681781115635,0.690015322666857,0.686705493171113,0.685740208845759,0.686802146508839,0.678888624846439,0.673799142524915,0.676815446493207,0.675115095040607,0.678365087486813,0.671510542166075,0.678037435633219,0.675219349373537,0.676001394055055,0.681881855822352,0.680206355373079,0.68088239095956,0.679361375549913,0.680700317153147,0.681434510678868,0.679461541403402,0.678898429362661,0.681518762362847,0.683314109386071
"39",0.551974550241334,0.588508447586923,0.631721243817475,0.631021988616925,0.642840852982138,0.642252681082941,0.670002014466595,0.674265917371595,0.676351528268775,0.666869066198465,0.65221731137749,0.657954560864611,0.674532939734351,0.673624293319028,0.674586197151339,0.674259747474982,0.683134432995791,0.683522183611392,0.675690935618848,0.678290703113828,0.68632240934502,0.689875367662987,0.693095813434545,0.703848466795716,0.69828802296011,0.692933669172675,0.689233339345398,0.689781812847169,0.692991082288995,0.68973337976393,0.687304080257197,0.682941663017564,0.674425543617056,0.672114877613159,0.674786615279478,0.675662650061632,0.67088767922102,0.674964366782339,0.671821895255138,0.675065822770414,0.679660943677103,0.678150418331316,0.677671938506314,0.678834400897227,0.680951967297526,0.680015554140398,0.682004250744104,0.682255390066452,0.678713082581757,0.685024358713878
"40",0.552794386165909,0.586915717937437,0.637002757091549,0.635061227428069,0.642104127771248,0.646174071680684,0.66827809582931,0.671148825496157,0.674218509320903,0.662560436273083,0.654077407624894,0.656973384588666,0.667367157456181,0.67290592091124,0.674285776482529,0.676049768702238,0.680146813283518,0.682351906717525,0.678098987076113,0.681366034392493,0.688709927533574,0.694575215900704,0.689775205767972,0.70251897431257,0.699582044109792,0.698420968010492,0.687784763578962,0.694071142702569,0.695201001164644,0.687136718228482,0.684120602830834,0.680374831894948,0.678946306823076,0.671156842677878,0.673845451075531,0.671107255049027,0.668803964813269,0.669405204766696,0.670640438090683,0.680034014955911,0.679849901183235,0.676210983417931,0.679983352720114,0.68133687470704,0.68070304287879,0.681222916517034,0.683968905132069,0.68351377092356,0.680229622680757,0.687730351472532
"41",0.557154788903132,0.587418809700055,0.641181226754239,0.635811764071162,0.639660099942269,0.642481779933829,0.671106801072554,0.672862553180887,0.672565106957951,0.66048026805659,0.651831842919777,0.663184298008096,0.667850396049448,0.672141373676129,0.679732642110586,0.680198534259329,0.679987597614999,0.681450352151742,0.680667558939605,0.678729954780016,0.686022494733705,0.693113727147588,0.695642499411784,0.702649623960348,0.698102764029087,0.698169225661411,0.687052049773544,0.692635698334202,0.693371943904356,0.684021888085823,0.682286400570026,0.677534336710787,0.67816559065559,0.670158147362031,0.671340040219962,0.670362911878052,0.670782024456467,0.671078860519198,0.671495433934562,0.684167210492321,0.685054036351728,0.679187428671899,0.682052664259768,0.682823751883928,0.683089264676185,0.680101052476588,0.683344800785394,0.683850276415322,0.684834195533792,0.686616033521458
"42",0.56005320173236,0.588340163508144,0.634890173354181,0.635100814340665,0.637666451475966,0.645617407757805,0.67586186160946,0.674877164978171,0.677355818585623,0.657530269948392,0.657994956877351,0.661255762205175,0.666434076893344,0.671154183289078,0.673122966658448,0.678358290058734,0.68212754386926,0.679830544692266,0.678421870443505,0.677693135888543,0.685383995565041,0.691159932697055,0.693485201308553,0.700900670586616,0.697734376305805,0.696991753614749,0.690471793715465,0.689131259248206,0.692491790057677,0.68239660767313,0.681552458754178,0.679806044080277,0.679635347451333,0.676992116434203,0.672886525634581,0.671402109625798,0.674727533497465,0.673598195239644,0.677662279788324,0.6844431787259,0.683469106420695,0.67874092597945,0.685078511432282,0.688634227605875,0.68802869353952,0.68169583167523,0.682954814189492,0.687065647151946,0.687137743736403,0.686613390924221
"43",0.563574111358148,0.588469978530656,0.627484667355717,0.639105958057542,0.635604784909792,0.648303792647442,0.669662421995764,0.671753218289599,0.674348053516799,0.658163467319142,0.656440747649624,0.658182656609803,0.671382938454399,0.667883716458141,0.6747393955467,0.677236981388441,0.673730011039681,0.679776872560156,0.683348654697595,0.677372189366642,0.684332186339577,0.693628243074094,0.6985168910081,0.697812494233998,0.696211737435142,0.694852105974041,0.694833266439227,0.692564803083096,0.692825939303148,0.684633535841844,0.679763837805204,0.682098220387198,0.677537840808268,0.678468643698034,0.67812266494026,0.676778352262573,0.674519598577922,0.681350510030229,0.681444050917356,0.683257668159546,0.689026395122666,0.683180555416903,0.689514154171433,0.682201577255926,0.687771563432144,0.685130441388044,0.682749753810764,0.684959102776501,0.685381695124578,0.684763457370851
"44",0.564601906043601,0.588709741577056,0.631051784036859,0.636442995938287,0.640007818127958,0.647825719938157,0.662462607614174,0.672283898629508,0.669194909109857,0.656894147736503,0.660393477793488,0.663647172719753,0.672915992046653,0.66960213799614,0.675832410621348,0.677919822159902,0.679128266672383,0.679014987241231,0.680512663710951,0.683115517901845,0.687252026910471,0.689381981728657,0.701615504575668,0.697606425418656,0.697291785703546,0.698618115365058,0.696761808033432,0.692568912490122,0.691284209899494,0.681996538469884,0.684008269011543,0.679047955646765,0.676871701923921,0.677835787463785,0.679014772412669,0.674627384954525,0.673666951767727,0.67878799702169,0.681242409055404,0.686662843344174,0.685172511997416,0.685858272138597,0.697713335671589,0.686481117884906,0.68635843899702,0.690572766707171,0.68579309492959,0.687731439890233,0.685052407499628,0.68553581143242
"45",0.565497143943153,0.58593533543427,0.624928908915916,0.637777352654123,0.635085137046369,0.645466643473211,0.66300575568326,0.67070381093044,0.670668752343653,0.656556575710063,0.659758200498431,0.66034202903887,0.67295640789563,0.668681731247883,0.678174495604694,0.674023272000968,0.678737415486837,0.678299306726192,0.6909305553519,0.683152237287058,0.686422266840514,0.689920327861265,0.697634024743029,0.695368859921068,0.69657137964266,0.69850591511652,0.694139012201926,0.698624740356803,0.688984493418989,0.685893600479727,0.685670147772232,0.679351923856022,0.679126472605672,0.678337491611118,0.680701145711233,0.679975817952181,0.68092701693029,0.679315217733826,0.686016430720701,0.687851996078961,0.683880725645654,0.693456771307543,0.697520157210832,0.691117862939989,0.692314556000118,0.689114471843681,0.687318378908578,0.685545711531754,0.694122070900815,0.691436419872591
"46",0.564655346256664,0.58425500401209,0.622237045175129,0.639999254350657,0.637172844123431,0.650137827964902,0.666601571863563,0.671472423411016,0.669648768266214,0.657974864740277,0.665195634906415,0.660559857194917,0.679336864118397,0.669058105389734,0.68389389213275,0.677993188795658,0.675529476342416,0.675933157375805,0.688492383767106,0.682790102742247,0.687391994717875,0.689870831631835,0.693355397148676,0.696913992869875,0.695709614870543,0.698583753657437,0.694464467170238,0.698940243944251,0.688185445937748,0.686904883208719,0.68441216016478,0.683847408903737,0.680204087117785,0.67532581067204,0.683159557661927,0.68026110825135,0.682160769467375,0.684010940659103,0.685954752297372,0.688897664339609,0.685326980991248,0.696958673716431,0.690315583296061,0.686268885887872,0.692403542917059,0.689726695373072,0.689044399406715,0.690071175638072,0.690948601662887,0.689977094103308
"47",0.561664052665944,0.580828375172345,0.623317613025697,0.634189087930146,0.634098008819881,0.649173874500264,0.672746319164437,0.6723870324459,0.673151667903174,0.658374633592808,0.660592077520469,0.666405763102504,0.677171361502347,0.666330569412829,0.687831141829641,0.682337393939394,0.671990148813243,0.674855205295658,0.682049740539172,0.683213925884393,0.690573601005516,0.687066673229882,0.690698075577988,0.694237251107921,0.693326989649037,0.697627796547746,0.694524205229694,0.700421554252199,0.688727149627623,0.689573840952365,0.689458076054025,0.678505301940655,0.679186072507518,0.678176368804845,0.681650904142864,0.685536594368706,0.680985516425519,0.686848517372087,0.687273264966874,0.68545247234515,0.684498830219549,0.69841106474171,0.692029148486348,0.694449420972635,0.694231063234274,0.693237446571629,0.68814231645287,0.689573792726448,0.690292565117231,0.691560931758751
"48",0.561460605531804,0.579301725528141,0.623502896847628,0.638155835482191,0.638372698769561,0.644831277581784,0.673487631168795,0.671450962042167,0.672556810045539,0.656494815649908,0.660208051906993,0.664768585743343,0.676513557570429,0.668187877575252,0.68655178146601,0.678375141929557,0.675924735663684,0.673867938026507,0.682646721558012,0.682451199731611,0.689483848248838,0.693791946308725,0.689956480135052,0.69191051440753,0.69683481695578,0.69718865122264,0.696480482955126,0.70010476356604,0.688276638282658,0.693542511533978,0.694625149873155,0.680444221126257,0.679147799398812,0.683757575757576,0.683507259278041,0.683692483583875,0.686343053068983,0.690181066958318,0.688243700396425,0.684698592394858,0.690042787315978,0.698738516454262,0.692175928478233,0.695583589590775,0.690527322525655,0.690260529757551,0.695036283721949,0.691239834931424,0.689208935570069,0.691263109418232
"49",0.563486997388361,0.579162390463409,0.618041213858925,0.637016461541941,0.637572502037839,0.649763978178224,0.669952550350561,0.674007893574783,0.674729475639459,0.656027278246625,0.655135890386262,0.672187678673528,0.679331183626399,0.670168404826834,0.686673464547686,0.677313459909945,0.67315972910482,0.676628560457217,0.682667612541068,0.682772606761622,0.687703348315927,0.689262314262314,0.6949938131996,0.691747041392251,0.696478018353406,0.696943504174266,0.698621975043171,0.696445497630332,0.686121837359366,0.694374364810123,0.690303233901846,0.682499815188082,0.68175382247334,0.682615724737873,0.682140878003947,0.685381412479143,0.686097834568865,0.693029673104407,0.687778977534285,0.688591649169832,0.694236730562409,0.69654010688419,0.705656550319152,0.70245620822537,0.690457677790153,0.693740051011179,0.694365798159045,0.693556361522427,0.689828497647504,0.691611304321978
"50",0.56394362526359,0.578004356948089,0.62175757794268,0.636194767883067,0.638040075807585,0.649690188830097,0.66808289704076,0.671826968977905,0.67565415091422,0.653207254336178,0.656374111513677,0.676156737239909,0.681196333994684,0.670447645259922,0.683241252198255,0.677720511351069,0.676161333173528,0.679267463855795,0.684094265496422,0.679642863693635,0.68765676777287,0.689399321496296,0.693807478650787,0.691504761158353,0.695351028717539,0.696752836147403,0.697796873533307,0.696372046220258,0.687210077367191,0.693382300527491,0.687980921485635,0.684574915720264,0.682392968481678,0.683268929241135,0.685522230139851,0.68344459562888,0.688437521976062,0.692768574897852,0.689587587385318,0.689159719543803,0.693062748104178,0.695524748935112,0.704411518955086,0.700236069065442,0.691739531001675,0.692632565777217,0.690945800653248,0.694037437033834,0.692213735754171,0.697140088468638
"51",0.562290468199466,0.577317027329868,0.624470807108319,0.640968071180246,0.643487096396278,0.648848981040676,0.668759073028603,0.668887401211795,0.682034355498147,0.652557164881125,0.659224617334681,0.675303549190535,0.678370821224522,0.667661648810674,0.68896818361281,0.67757001577871,0.674494919754607,0.678885739923161,0.682693587900091,0.678722392527174,0.690155239593225,0.688462836080862,0.693060627137309,0.691918850920009,0.697880584043013,0.693934998137871,0.697135045872255,0.695823306723361,0.686816785526748,0.691221117748325,0.685410678991568,0.68547785658448,0.677910047765002,0.680176922404732,0.681916357186697,0.689721166231233,0.684489306779953,0.686956635318704,0.690783306962439,0.688551107557234,0.695956492894278,0.692557714675033,0.699181966636425,0.695261012947183,0.690348274471395,0.69202385431691,0.695454088585586,0.694922621539334,0.694293349762493,0.696344269098732
"52",0.567253189693389,0.576822963922638,0.621498325834247,0.638411074562352,0.6411623525262,0.646976091992752,0.668059879835993,0.665876353453386,0.685938561617133,0.653666278271492,0.661252097416421,0.6720946579194,0.677364280545702,0.670978680301537,0.688675299318922,0.67675959337291,0.677601861186812,0.678027238530252,0.680745869077091,0.678566415850602,0.687406214830562,0.688010954872466,0.691567122428521,0.694871933427578,0.697580498992187,0.6928867491762,0.696657858197831,0.692609677264676,0.687325579238318,0.692595821032271,0.6870173601735,0.683403413267494,0.68043387877528,0.686048653705101,0.683573471980196,0.690898414180834,0.692865027693957,0.685648357019325,0.682407039364021,0.693746007815289,0.695465208508862,0.694430545256221,0.693819837443679,0.700429730777265,0.694474767322449,0.697651985695464,0.691292900329937,0.692535350827609,0.693519109309932,0.692115160134552
"53",0.559966626642444,0.578727367044319,0.617866230181259,0.63243346634116,0.645363547139555,0.647963272476077,0.668114021057706,0.66487374787904,0.683636566153142,0.651531382594882,0.663893702459485,0.674487108009955,0.673635570249826,0.676200449170425,0.692713299718163,0.67491530531654,0.677146149133314,0.682855040470934,0.681152548411434,0.678456263377267,0.688017460447578,0.690931172713684,0.68914455866798,0.694759159255544,0.694854528906089,0.690798946372335,0.698625173614606,0.689515796476038,0.688984069982811,0.686444269426943,0.68468777819508,0.684076779264909,0.682572658196518,0.684641894584484,0.690423190020519,0.691082524766843,0.692601160434102,0.681363080670168,0.689806103428298,0.691123284187841,0.694878428074917,0.69625914607677,0.700840076788125,0.699606295988824,0.693727177001266,0.692351670129294,0.692625327773959,0.691425120677999,0.697407380841561,0.690667964550305
