"","1","2","3","4","5","6","7","8","9","10","11","12","13","14","15"
"ATM.dist.mean_Nucleus",0.339578084609674,0.356258490714884,0.271095506344744,0.356189686388402,0,0,0.0163683638556378,0.276207903484688,0.293163790107894,0.430960354672,0.00793617640728407,0.381040058676612,0.375095367062719,0.286191591341701,0.213611064716717
"TVC.dist.min_Nucleus",0.0761038123864856,0.113947919640858,0.105852676027005,0.155425206625778,0.11233434014857,0.263088148701751,0.109062939291058,0.10929065900846,0.0950918269640298,0.120889005117066,0.131713390075973,0.120221104685676,0.0823880821033147,0.109028306537261,0.0707972963829348
"TVC.dist.max_Nucleus",0.216560963272156,0.158474018120005,0.202528505645011,0.157775024567888,0.304983197894812,0.970858774003006,0.359554365024589,0.114694195298188,0.101439394347362,0.25000543800171,0.363511087008334,0.38601223670927,0.216005545300741,0.202604927828095,0.19265473177864
"TVC.dist.mean_Nucleus",0.135467290655542,0.137677389392933,0.146703153839678,0.15657187379925,0.193235084416459,0.543832902346748,0.213590673658638,0.112135948763337,0.0979765487201325,0.178351875326954,0.225186390737261,0.236340893546691,0.139011534399623,0.151919609259745,0.124245163163975
"TVC.dist.sd_Nucleus",0.053768961961816,0.0232848211266262,0.0363177329078516,0.00127364587395305,0.0623882948200092,0.223482343702741,0.077054266424336,0.00215281891700271,0.00304743781599014,0.0519734509609044,0.0896361307916862,0.101209548995839,0.0528733164359694,0.0402802299176827,0.0453862539385054
"TVC.ATM.dist.min_Nucleus",0.549799477485636,0.632310403444308,0.49701694713273,0.634681434313709,0.753225482317677,0.041060624350485,0.698466906646448,0.594705170946122,0.674906464776703,0.480629583040039,0.711362052827837,0.44665529929183,0.512129422452137,0.676610614697678,0.70122243068999
"TVC.ATM.dist.max_Nucleus",1,1,1,1,1,0.0769230769230769,1,1,1,0.979072972131899,1,1,1,1,1
"TVC.ATM.dist.mean_Nucleus",0.777300249342842,0.819217264425674,0.745035716762491,0.820363437762412,0.877191750742906,0.0599987822751019,0.857213575688303,0.78666941075868,0.836038816246118,0.733113095050371,0.8622083745107,0.745574953867672,0.763023537485162,0.836133287147947,0.848025851384907
"TVC.ATM.dist.sd_Nucleus",0.163865386334882,0.14864147582143,0.170545869030743,0.165434617947722,0.100508382803577,0.0136030675728541,0.115762320294931,0.166441591819279,0.151716362153162,0.197115264036823,0.125119457826871,0.192467301963228,0.183920228818174,0.122733636222577,0.104062836929408
"TVC.cosine.min_Nucleus",-0.856957975105048,0.223655757574876,-0.406488916709783,-0.00157185625275677,-0.730485504411157,-0.897038675488792,-0.869267965402466,-0.0155243475065128,-0.0277427733985096,-0.430280342897361,-0.851457856181363,-0.834195422390543,-0.852159565675578,-0.332226980689687,-0.80103832256694
"TVC.cosine.max_Nucleus",0.976904391901382,0.709130544272507,0.752386795953274,0.0218364935838766,0.948418519893027,0.983566393093332,0.979444472856679,0.0463802802882529,0.0588459528455196,0.779007070199041,0.976091783578329,0.974649291934081,0.958608655225443,0.712087928386855,0.971765165948935
"TVC.cosine.sd_Nucleus",0.655225574989649,0.25163983775043,0.389138653561843,0.0129476866098747,0.492068267625794,0.618271038769489,0.526089636478036,0.0208629411246293,0.0397198872941455,0.446091378524679,0.714472364528139,0.646641247185764,0.647709813426212,0.414738865531804,0.627614489096129
"ATM.Nucleus.Dist.to.Cell.Membrane.min",0.0487440939616324,0.0523258559740575,0.0452541403175513,0.0604806911797333,0.0649159281334526,0.00570970771913053,0.0674223366576764,0.0426965753173461,0.0468471303103727,0.0555412822269688,0.0591153559234833,0.0688219225440687,0.0437485645730017,0.049376501826762,0.0461072240533903
"ATM.Nucleus.Dist.to.Cell.Membrane.max",0.0559925745719076,0.0609978057241164,0.0630383319226868,0.0700868191486574,0.0649159281334526,0.00570970771913053,0.0677243034988986,0.0614126195451078,0.0602555768042793,0.0701736952541873,0.0594957691807481,0.0811891460939207,0.0508795021913044,0.0603496357916665,0.0504281581274325
"ATM.Nucleus.Dist.to.Cell.Membrane.mean",0.05236833426677,0.0566666836580203,0.0536930331192083,0.065277065661751,0.0649159281334526,0.00570970771913053,0.0675733200782875,0.0516314999570595,0.0536389633711184,0.0630642065775114,0.0593055625521157,0.0750055343189947,0.0473140333821531,0.0548060793396308,0.0482676910904114
"ATM.Nucleus.Dist.to.Cell.Membrane.SD",0.00512544979282479,0.00608279396066279,0.00915836506683539,0.0067327440456217,0,0,0.000213522801121723,0.00954853830518306,0.00811448120342268,0.00968976648956794,0.000268992793865246,0.00874494763655035,0.00504233434612002,0.00763109338095332,0.00305536178481526
"TVC.Nucleus.Dist.to.Cell.Membrane.min",0.0280895123723435,0.031819472977993,0.0333075207442015,0.0525024763756006,0.0378133698491214,0.0950645748496149,0.0401553078676479,0.0308004688727881,0.0405525007775422,0.0383702369416987,0.0413430355574926,0.0405889576599184,0.0248184839822174,0.027541825699218,0.0224396295448436
"TVC.Nucleus.Dist.to.Cell.Membrane.max",0.0426772142114976,0.0531795846136147,0.0501848417242445,0.0640304764073717,0.0680307355541567,0.160006820734776,0.0691960332674113,0.040536886477707,0.0496533444946934,0.0611848704789477,0.0683610323532537,0.0678319728609459,0.0368118957679134,0.0445191270207779,0.0389877468936591
"TVC.Nucleus.Dist.to.Cell.Membrane.mean",0.0347888758697054,0.0423087282300118,0.0414640377415149,0.0582459778459724,0.0520018262816094,0.124408064050216,0.0538119301013307,0.0357431163277057,0.0449852879565724,0.0494421756378402,0.0539778729510901,0.053653207854349,0.030459687254974,0.0360701324613833,0.030700684948625
"TVC.Nucleus.Dist.to.Cell.Membrane.SD",0.0065675355100119,0.0112436305142536,0.00808618728584856,0.00800358485992727,0.0125258946210117,0.0247790689095859,0.0111765089108672,0.0066666387536428,0.00606184861097162,0.0108254214966616,0.0117988749009888,0.0118567509494849,0.00535232689531379,0.00896320859899903,0.00728490960144784
"ATM.dist.mean_Cell",0.378847079722676,0.394763853147985,0.282172812005373,0.390139429561667,0,0,0.018244363204039,0.299769079866693,0.338703876335461,0.442938827425165,0.00797735903117076,0.408047833511456,0.409634198016326,0.354254470777128,0.259883601378911
"TVC.dist.min_Cell",0.0915863636358347,0.132127453784969,0.121132562510992,0.172344072496801,0.13506889095503,0.298658598833827,0.129473193213607,0.111879523559002,0.102438774977312,0.133837041638911,0.15360643750152,0.147302433028622,0.0954477362578599,0.11987743550534,0.085220631060638
"TVC.dist.max_Cell",0.224828391580919,0.17006708446344,0.216499933797138,0.174671185562194,0.328609589434934,0.970589509460105,0.382637006405807,0.117047841590172,0.10881463883336,0.262542330633555,0.391193358360723,0.409130569970238,0.228203213499988,0.207499670403797,0.198599742522378
"TVC.dist.mean_Cell",0.143339514165434,0.151565253719435,0.158270414283779,0.173574025860545,0.212620070988187,0.554991462219875,0.229087018134499,0.114142181724746,0.105115868645567,0.192334148396274,0.244358187605075,0.254957088272818,0.148405769474398,0.157423706924198,0.132373518569768
"TVC.dist.sd_Cell",0.0517864393871263,0.0197267561167555,0.0361129929057518,0.00117613238241537,0.0640207562480011,0.212626129438033,0.0783593565444273,0.002076550539819,0.00318804927344714,0.0521143901045962,0.0923918667921215,0.10044987787227,0.0526192018675744,0.0375533024662067,0.0431011125647761
"TVC.ATM.dist.min_Cell",0.513235141732988,0.593197908518287,0.467121413208112,0.599657399434188,0.730612993313918,0.0392116904045528,0.678710496473839,0.551486123409498,0.63654016904447,0.450298202488795,0.69100481894284,0.411884440282388,0.478087098067409,0.647778024889102,0.65154773371087
"TVC.ATM.dist.max_Cell",1,1,1,1,1,0.0769230769230769,1,1,1,0.97741893708153,1,1,1,1,1
"TVC.ATM.dist.mean_Cell",0.759282314215922,0.801338790636863,0.728899717990567,0.80353695995653,0.867953053960148,0.0595503443667966,0.845892531108411,0.765103939957429,0.817267090962678,0.718448364867125,0.851639314264222,0.732065118390815,0.747114496997823,0.822464840217514,0.824859910808244
"TVC.ATM.dist.sd_Cell",0.17784848792484,0.163796058778419,0.178197052890029,0.177190768547494,0.11005183451371,0.0140877424945542,0.12398451648764,0.180391383167384,0.169210958974687,0.206124867375659,0.134593206012766,0.201605752527178,0.197287242295361,0.135036161989258,0.122426092730533
"TVC.cosine.min_Cell",-0.844000820613425,0.283076166788337,-0.360822582006125,0.00313992952122492,-0.703983472170086,-0.882509159250604,-0.87189916618183,-0.0145113928595536,-0.0287105235667676,-0.405713061695423,-0.837156284826725,-0.82532307390475,-0.833361096108562,-0.28995748566457,-0.74727003156085
"TVC.cosine.max_Cell",0.968052132947268,0.664082673984239,0.733754374730614,0.0205628139623641,0.934682061632201,0.978977649080462,0.977080832219303,0.044075329951598,0.0573532267330085,0.762936429122372,0.968778420462424,0.966515800684017,0.95213181145313,0.691831535493629,0.951686366128437
"TVC.cosine.sd_Cell",0.625382355411877,0.196617927018586,0.370168841052031,0.0089467489115238,0.471186919239441,0.59207264416809,0.517507894292315,0.0220796248549716,0.0382277324726456,0.416498226843031,0.703043104903115,0.627630896642668,0.604789544669991,0.378844632810415,0.567750966844925
"ATM.Cell.Ellipticity..oblate..min",0.205589803305785,0.21262088,0.243560185585586,0.25566086036036,0.175695961386139,0.0169277032967033,0.161323848192771,0.217956105194805,0.2278319,0.184200377419355,0.166114855737705,0.258851436842105,0.200236623076923,0.215363848387097,0.3139940625
"ATM.Cell.Ellipticity..oblate..max",0.259348918181818,0.314614776521739,0.441889621621622,0.352909476576577,0.175695961386139,0.0169277032967033,0.166660426506024,0.419324168831169,0.358686494594595,0.314770033870968,0.168128986885246,0.366970649122807,0.265305307692308,0.309015032258065,0.4055640625
"ATM.Cell.Ellipticity..oblate..mean",0.232469360743802,0.263706878985507,0.344023562012012,0.304168672972973,0.175695961386139,0.0169277032967033,0.163992137349398,0.315875635281385,0.292350377477477,0.251143789247312,0.167121921311475,0.312911042982456,0.232770965384615,0.262214816666667,0.3597790625
"ATM.Cell.Ellipticity..oblate..SD",0.0380134346794296,0.0714280920733255,0.102557742614311,0.0681263993867872,0,0,0.00377353071363427,0.102000184584643,0.0796663955032087,0.0876899833473973,0.00142420579262527,0.076451828180232,0.0460105081344272,0.0660771744283837,0.0647497679532522
"ATM.Cell.Ellipticity..prolate..min",0.551318214876033,0.507766652173913,0.369526846846847,0.478145792792793,0.630393069306931,0.0485579230769231,0.649226518072289,0.399103207792208,0.449401837837838,0.457090596774194,0.626777508196721,0.468321877192982,0.479854153846154,0.521641612903226,0.4267769375
"ATM.Cell.Ellipticity..prolate..max",0.633958239669421,0.632789930434783,0.627281783783784,0.595861513513513,0.630393069306931,0.0485579230769231,0.65498878313253,0.636714207792208,0.61798022972973,0.63468585483871,0.631097918032787,0.577912894736842,0.583762,0.648208903225806,0.526854625
"ATM.Cell.Ellipticity..prolate..mean",0.592638227272727,0.570225470289855,0.497464043993994,0.53691281981982,0.630393069306931,0.0485579230769231,0.65210765060241,0.519615315367965,0.536032817567567,0.543739733870968,0.628937713114754,0.523117385964912,0.531808076923077,0.58490973655914,0.47681578125
"ATM.Cell.Ellipticity..prolate..SD",0.0584353219288294,0.0876851592520157,0.132821820172392,0.0825769092365447,0,0,0.0040745366990907,0.120274474005996,0.10417755966157,0.117594112044658,0.00305499109258702,0.0774925516623971,0.0734739426338732,0.0891602579433739,0.0707656114767182
"ATM.Cell.Nucleus.to.Cytoplasm.Volume.Ratio.min",0.0701361520661157,0.0760799956521739,0.0781527288288288,0.0739204351351351,0.0771815594059406,0.00658500659340659,0.118404953012048,0.0713997171428571,0.0760887162162162,0.0738116241935484,0.0842717344262295,0.0787200684210526,0.0671060230769231,0.0782581580645161,0.0892255875
"ATM.Cell.Nucleus.to.Cytoplasm.Volume.Ratio.max",0.0825926603305785,0.0920266869565217,0.126751497297297,0.0903108630630631,0.0771815594059406,0.00658500659340659,0.12122291686747,0.118127923376623,0.104216936486486,0.104140509677419,0.0851377327868852,0.103461066666667,0.0826035403846154,0.093049835483871,0.1056717125
"ATM.Cell.Nucleus.to.Cytoplasm.Volume.Ratio.mean",0.0763644061983471,0.0840106734057971,0.101067428393393,0.0820365046546547,0.0771815594059406,0.00658500659340659,0.119813934939759,0.0925311630952381,0.0897118015765766,0.0882619852150538,0.0847047336065574,0.0910905675438596,0.0748547817307692,0.0857719467741935,0.09744865
"ATM.Cell.Nucleus.to.Cytoplasm.Volume.Ratio.SD",0.00880808146370792,0.0111493682728602,0.0247664144770574,0.0113838222523624,0,0,0.00199260135130726,0.0234156823513597,0.0168694187402375,0.0202499900240301,0.000612353313316105,0.0174945276327982,0.0109583995798251,0.0102568798364278,0.0116291665117416
"ATM.Cell.Sphericity.min",0.438898991735537,0.415788808695652,0.446342378378378,0.435375576576577,0.445600792079208,0.0350583626373626,0.436939409638554,0.409446467532468,0.364121810810811,0.402958806451613,0.375934491803279,0.463519964912281,0.327314038461538,0.361965483870968,0.417372125
"ATM.Cell.Sphericity.max",0.466133132231405,0.457496765217391,0.515903558558559,0.47645863963964,0.445600792079208,0.0350583626373626,0.43836813253012,0.48847887012987,0.433255081081081,0.456640419354839,0.376562950819672,0.50577298245614,0.373844923076923,0.413354870967742,0.4538818125
"ATM.Cell.Sphericity.mean",0.452516061983471,0.436903984782609,0.482247193393393,0.455932851351351,0.445600792079208,0.0350583626373626,0.437653771084337,0.451551049350649,0.398145561936937,0.429042864247312,0.376248721311475,0.484646473684211,0.350579480769231,0.388042844086022,0.43562696875
"ATM.Cell.Sphericity.SD",0.0192574454244153,0.0289770269952632,0.0359990298042479,0.0288602910926408,0,0,0.00101025964506296,0.0407529550676459,0.041761738732807,0.0355424706693666,0.000444387632189631,0.0298773952308573,0.0329023040461473,0.0358789711950077,0.0258162476102517
"ATM.Cell.Volume.frac.min",0.324851363823659,0.298451275455227,0.153700229008072,0.283133378397777,0.3998987382612,0.0270485225604364,0.343561366119965,0.197902162515488,0.261869192098409,0.256985924473646,0.332085432710206,0.234795811823782,0.33138056966307,0.319802156546959,0.289173333047123
"ATM.Cell.Volume.frac.max",0.381843076002805,0.359488510874599,0.290281892037504,0.348904712015808,0.3998987382612,0.0270485225604364,0.346696297216008,0.336956561944804,0.364404474861081,0.369351603256934,0.33339516816269,0.304546162203215,0.399687872558789,0.370360713048728,0.341586444952784
"ATM.Cell.Volume.frac.mean",0.353347219913232,0.32888194165886,0.213837558503947,0.315886511987827,0.3998987382612,0.0270485225604364,0.345128831667987,0.264945365367354,0.31248635443909,0.311967930678423,0.332740300436448,0.269670987013498,0.36553422111093,0.345603450314808,0.315379888999954
"ATM.Cell.Volume.frac.SD",0.0402992261533061,0.0428454684069499,0.0717619910104216,0.0459387895790134,0,0,0.00221673103656468,0.0710467795390698,0.0639945965757935,0.0755068465183389,0.000926122820012057,0.0493209457434342,0.048300557082127,0.0347316196408008,0.0370616668515821
"ATM.Nucleus.Ellipticity..oblate..min",0.418207429752066,0.388391852173913,0.321519405405405,0.370796369369369,0.488007237623762,0.0414684175824176,0.456704614457831,0.347992937662338,0.356011878378378,0.387549225806452,0.404490524590164,0.351591140350877,0.454455096153846,0.44644435483871,0.3420268125
"ATM.Nucleus.Ellipticity..oblate..max",0.518230247933884,0.504484313043478,0.489083423423423,0.462310666666667,0.488007237623762,0.0414684175824176,0.458478626506024,0.524929857142857,0.523241,0.502499677419355,0.405800803278689,0.451439771929825,0.559054980769231,0.560290483870968,0.4281231875
"ATM.Nucleus.Ellipticity..oblate..mean",0.468218838842975,0.446225865217391,0.402394805705706,0.416351295795796,0.488007237623762,0.0414684175824176,0.457591620481928,0.429921324675325,0.438825411036036,0.444430487903226,0.405145663934426,0.401515456140351,0.506755038461538,0.503024059139785,0.385075
"ATM.Nucleus.Ellipticity..oblate..SD",0.0707268130097528,0.0815572402073544,0.0869941982953129,0.0640913945825675,0,0,0.00125441594918374,0.091163894439542,0.1057548335913,0.0785977037170114,0.000926506945899954,0.070603644481671,0.0739632877228689,0.0801821926173647,0.0608793305980799
"ATM.Nucleus.Ellipticity..prolate..min",0.296694578512397,0.305063495652174,0.314800342342342,0.320877684684685,0.309390267326733,0.0221825274725275,0.370090662650602,0.296458792207792,0.285073662162162,0.281637322580645,0.397146426229508,0.341212192982456,0.263752019230769,0.269779516129032,0.3469820625
"ATM.Nucleus.Ellipticity..prolate..max",0.38990920661157,0.415934217391304,0.513152,0.414886045045045,0.309390267326733,0.0221825274725275,0.373852614457831,0.481716597402597,0.436306189189189,0.399122516129032,0.399059098360656,0.455402035087719,0.3516135,0.365738032258065,0.455189125
"ATM.Nucleus.Ellipticity..prolate..mean",0.343301892561983,0.360895056521739,0.415081373423423,0.367909870870871,0.309390267326733,0.0221825274725275,0.371971638554217,0.389323099134199,0.361027541666667,0.340542357526882,0.398102762295082,0.398307114035088,0.307682759615385,0.318009102150538,0.40108559375
"ATM.Nucleus.Ellipticity..prolate..SD",0.0659126956347077,0.0776659643966911,0.10275645142116,0.0660358281423754,0,0,0.00266010163338855,0.0948994207662687,0.0946373500986087,0.0789467018276945,0.00135246343412095,0.0807444116952528,0.0621274488570145,0.0673514892391155,0.0765139476660266
"ATM.Nucleus.Sphericity.min",0.620769487603306,0.622814982608696,0.623883621621622,0.628717162162162,0.63466497029703,0.047943021978022,0.638596289156626,0.613774805194805,0.619176797297297,0.603222096774194,0.633136590163934,0.634169807017544,0.606963615384615,0.599778516129032,0.6401355
"ATM.Nucleus.Sphericity.max",0.641058099173554,0.641684547826087,0.652891144144144,0.648771720720721,0.63466497029703,0.047943021978022,0.639385048192771,0.645930415584416,0.642154554054054,0.634466516129032,0.633366229508197,0.647702385964912,0.630871346153846,0.628943612903226,0.6510146875
"ATM.Nucleus.Sphericity.mean",0.63091379338843,0.632280216666667,0.638327552852853,0.638694926426426,0.63466497029703,0.047943021978022,0.638990668674699,0.630436608658009,0.630894804054054,0.618933900537634,0.633251409836066,0.640936096491228,0.618917480769231,0.614383758064516,0.64557509375
"ATM.Nucleus.Sphericity.SD",0.0143462148221822,0.0132508456074573,0.0150184536499552,0.0140183692909972,0,0,0.000557736863179997,0.0162391060776417,0.014630630320021,0.02157050722638,0.0001623795375551,0.00956897834062652,0.0169053185497053,0.0205517807985946,0.00769274725504992
"ATM.Nucleus.Volume.frac.min",0.307652053657336,0.304882161423532,0.13522900320902,0.274257877567387,0.348754319609425,0.0285149964600847,0.283792160057926,0.191110081701747,0.247091614124094,0.250765324242775,0.303116301685948,0.221510002535801,0.323653847879656,0.327614896118278,0.280916320398479
"ATM.Nucleus.Volume.frac.max",0.3455983338027,0.367269894894684,0.293967569362188,0.327657808659092,0.348754319609425,0.0285149964600847,0.285677609315215,0.344689738577549,0.338793234239757,0.345652433957951,0.303680183893473,0.274190864343049,0.359810916432194,0.37545091030048,0.318312777346097
"ATM.Nucleus.Volume.frac.mean",0.326625193730018,0.335715304417153,0.197599820884411,0.300752630603948,0.348754319609425,0.0285149964600847,0.28473488468657,0.264859850044123,0.292789292020863,0.297569526288612,0.303398242789711,0.247850433439425,0.341732382155925,0.351901051956197,0.299614548872287
"ATM.Nucleus.Volume.frac.SD",0.0268320720115908,0.0436510270171204,0.0871213149688571,0.0371896039452853,0,0,0.00133321395541227,0.0801540413588988,0.0567852108425836,0.063454937056486,0.00039872493273179,0.0372509946226564,0.0255669083613261,0.0328847622481162,0.0264432883000115
"TVC.Cell.Ellipticity..oblate..min",0.311864991735537,0.330944147826087,0.319693981981982,0.355431243243243,0.286589534653465,0.272986807692308,0.27509086746988,0.352559441558442,0.402603054054054,0.314638983870968,0.296715737704918,0.282149859649123,0.303837923076923,0.327544483870968,0.283488125
"TVC.Cell.Ellipticity..oblate..max",0.511202867768595,0.503177539130435,0.518986891891892,0.45824790990991,0.539033702970297,0.51421043956044,0.51487421686747,0.474832792207792,0.478903918918919,0.533551048387097,0.530786475409836,0.524922070175439,0.514818980769231,0.461725225806452,0.5445821875
"TVC.Cell.Ellipticity..oblate..mean",0.407980413911846,0.416059994202899,0.415233027327327,0.406904540540541,0.405518350330033,0.389236555023548,0.391776039558233,0.414522394155844,0.440980818693694,0.422132106182796,0.409086194808743,0.394225080075188,0.409929905448718,0.397300782258065,0.407747828125
"TVC.Cell.Ellipticity..oblate..SD",0.0901007549905491,0.0907589212258247,0.0954289335367714,0.0717275958317906,0.102463262583314,0.0914559445314186,0.0924599761726754,0.0837828536912422,0.051926553032364,0.1069540609407,0.101086130851988,0.105524920159086,0.0954566590793288,0.0664984715259135,0.118115095589593
"TVC.Cell.Ellipticity..prolate..min",0.272485595041322,0.288729486956522,0.263660359459459,0.334160846846847,0.234267999009901,0.265639351648352,0.241320746987952,0.329585350649351,0.341617743243243,0.24894485483871,0.271091327868852,0.258933701754386,0.292979961538462,0.322874032258064,0.2674116875
"TVC.Cell.Ellipticity..prolate..max",0.512229008264463,0.471461556521739,0.448739684684685,0.438534243243243,0.501390613861386,0.539910032967033,0.499010578313253,0.464445701298701,0.41455727027027,0.478171870967742,0.534661540983607,0.535284385964912,0.571020615384615,0.473686032258064,0.5702873125
"TVC.Cell.Ellipticity..prolate..mean",0.387749648760331,0.377162997101449,0.351288963738739,0.38619418018018,0.360391718151815,0.392720049123496,0.361655014457831,0.395721153030303,0.378960293918919,0.362940630376344,0.394942541256831,0.392528298496241,0.423344682692308,0.396751596774194,0.405175561458333
"TVC.Cell.Ellipticity..prolate..SD",0.107843508352295,0.0961375151671774,0.0891678156527269,0.0730447951536189,0.107985078211828,0.105106607811981,0.0996655611254326,0.092097555475912,0.0492591349835653,0.11149510362126,0.114292272691043,0.121708786660537,0.125074303139918,0.0780079409277615,0.137055823719578
"TVC.Cell.Nucleus.to.Cytoplasm.Volume.Ratio.min",0.0814926239669422,0.0568668469565217,0.103648878378378,0.0826271630630631,0.0688330386138614,0.0779310692307692,0.113242375903614,0.0845854974025974,0.102090201351351,0.0630359580645161,0.0714568163934426,0.0806668807017544,0.0760858326923077,0.0642332096774194,0.0879386875
"TVC.Cell.Nucleus.to.Cytoplasm.Volume.Ratio.max",0.13774510661157,0.120255313913043,0.176767905405405,0.11314555045045,0.15290037029703,0.190858612087912,0.272848795180723,0.117657344155844,0.124574885135135,0.155928556451613,0.135048657377049,0.171440357894737,0.131173961538462,0.110805580645161,0.1629281375
"TVC.Cell.Nucleus.to.Cytoplasm.Volume.Ratio.mean",0.106836681818182,0.0866644807971015,0.138763180405405,0.0978229297297297,0.108250850874587,0.128135712237049,0.182725306104418,0.101058535930736,0.113136975900901,0.110351581639785,0.103849668306011,0.12111645512949,0.102597456410256,0.0875726932795699,0.123788031770833
"TVC.Cell.Nucleus.to.Cytoplasm.Volume.Ratio.SD",0.025143926937714,0.0329055080728166,0.0349602295924768,0.0212899352152698,0.0344454079436105,0.0417315040690807,0.0610688167186693,0.0227400870599661,0.0153173430756469,0.0453468435524227,0.0275072360229029,0.0391248073162811,0.0246448431443278,0.0242156835337006,0.0326238464242615
"TVC.Cell.Sphericity.min",0.450476760330578,0.423632495652174,0.441243405405405,0.462262801801802,0.437583544554455,0.40718556043956,0.428052674698795,0.441184441558442,0.376590108108108,0.421084983870968,0.37478362295082,0.436454298245614,0.348395153846154,0.330287967741935,0.3627703125
"TVC.Cell.Sphericity.max",0.52792526446281,0.510643382608696,0.517994,0.50676072972973,0.53161599009901,0.527136021978022,0.531031530120482,0.499171779220779,0.438361445945946,0.505134467741935,0.491853836065574,0.53229101754386,0.461047038461538,0.479554129032258,0.48672825
"TVC.Cell.Sphericity.mean",0.491356529614325,0.469798807246377,0.481864932582583,0.484672031531532,0.490251400330033,0.473858232051282,0.484115697991968,0.470776737229437,0.407939247747748,0.46663356827957,0.438464513661202,0.4860454106934,0.410745455128205,0.411671271505376,0.429755459375
"TVC.Cell.Sphericity.SD",0.0347071440293613,0.0459258631261818,0.0365448397506134,0.0311011165451437,0.0384690303746654,0.0453569105471919,0.0402355978130968,0.0398409353668677,0.0420552000365684,0.0408473727549047,0.0507219962026507,0.0419081367450582,0.0511224091025283,0.078309840324267,0.0564004097112445
"TVC.Cell.Volume.frac.min",0.0522522619297694,0.0570418726163977,0.0571712304162125,0.156091433632544,0.0610397833498409,0.0983264074967203,0.0588412244154796,0.0597771427370493,0.144376246383161,0.0629774040090229,0.104350843803784,0.0630701653824611,0.0474895602996239,0.0683007597091228,0.0565095718372088
"TVC.Cell.Volume.frac.max",0.0982422379185838,0.159724470118621,0.132119257775052,0.206552030387131,0.203396004349242,0.257008548115725,0.187894654676778,0.105783535254366,0.172828633827247,0.144534464449099,0.22827440484836,0.154914945089089,0.0953517229243755,0.126130314589202,0.132530551014179
"TVC.Cell.Volume.frac.mean",0.0735209755362645,0.111583884202711,0.0920892132006853,0.181054799480365,0.122733319689447,0.170510722962665,0.11251278851191,0.082548294894081,0.15842084178578,0.102439180644117,0.158523446705898,0.105238806489676,0.0693531734635365,0.0957062216369905,0.092225773530183
"TVC.Cell.Volume.frac.SD",0.0209428137897496,0.0536411088058141,0.0374805389614689,0.0350895443939302,0.0589943744213619,0.0616775033001209,0.0513744801934513,0.0317222190645126,0.0187070488455862,0.0399602097339275,0.0544920570162316,0.0397633593601336,0.0218347956608494,0.0305035765990164,0.0345359679058444
"TVC.Nucleus.Ellipticity..oblate..min",0.301972363636364,0.323887495652174,0.30598618018018,0.346034963963964,0.28943511980198,0.294974164835165,0.302506891566265,0.389719025974026,0.349138391891892,0.309158080645161,0.314081901639344,0.321684456140351,0.305942096153846,0.319998516129032,0.2880825
"TVC.Nucleus.Ellipticity..oblate..max",0.481080148760331,0.487822434782609,0.493921459459459,0.439183504504504,0.503455356435644,0.499844054945055,0.504116674698795,0.483740350649351,0.406930054054054,0.5109245,0.537243032786885,0.505356824561404,0.503813,0.533792709677419,0.464242875
"TVC.Nucleus.Ellipticity..oblate..mean",0.391142114325069,0.402145196376812,0.394621502852853,0.392724087087087,0.391679472475248,0.389904279408687,0.394758458634538,0.437055076839827,0.377911627252252,0.411629240053763,0.42519120136612,0.406470881996658,0.405407897435897,0.422394978494624,0.378381844791667
"TVC.Nucleus.Ellipticity..oblate..SD",0.081224340697312,0.0858876827762196,0.0927261584735235,0.0654574439062934,0.0862322053509664,0.0783748115004936,0.0775001283816348,0.0647215062579486,0.0393279286570343,0.0998313887257603,0.0964081591352477,0.0806589790155359,0.0899009817929969,0.109185666870831,0.0806605572353556
"TVC.Nucleus.Ellipticity..prolate..min",0.282608892561983,0.313377443478261,0.307461288288288,0.341899855855856,0.280490495049505,0.297767714285714,0.309967373493976,0.34562561038961,0.352698189189189,0.288658306451613,0.269452131147541,0.288147385964912,0.258426692307692,0.270476741935484,0.341203625
"TVC.Nucleus.Ellipticity..prolate..max",0.476286454545455,0.502836226086957,0.525451621621622,0.439579261261261,0.523246297029703,0.543914681318681,0.558228048192771,0.437286792207792,0.415836810810811,0.490293725806452,0.468412672131148,0.516030684210526,0.443763480769231,0.517260290322581,0.562622
"TVC.Nucleus.Ellipticity..prolate..mean",0.375954201790634,0.410599657246377,0.413591093543544,0.390866048048048,0.40228048679868,0.419603880677656,0.432538140963855,0.389778086796537,0.38464014527027,0.385585070430108,0.360575642349727,0.407151824853801,0.348482814102564,0.38883088172043,0.447787911458333
"TVC.Nucleus.Ellipticity..prolate..SD",0.0875055464911863,0.0985668253551812,0.10600588392883,0.0686576734336708,0.0994254302197911,0.0925213584705928,0.0936537021817684,0.0620133211186366,0.0429378982056686,0.100383279541817,0.085485357302602,0.0981417718329486,0.0853705588291152,0.127349572443729,0.0988982639495666
"TVC.Nucleus.Sphericity.min",0.618254702479339,0.601308643478261,0.61409172972973,0.622838657657658,0.608640287128713,0.605112054945055,0.603871855421687,0.609566168831169,0.630453283783784,0.607743306451613,0.600180114754098,0.608833543859649,0.612629634615385,0.582621129032258,0.6031134375
"TVC.Nucleus.Sphericity.max",0.650007314049587,0.635927252173913,0.64521290990991,0.642291108108108,0.649297069306931,0.64854856043956,0.64950734939759,0.62940261038961,0.639610905405405,0.641773096774194,0.641815196721311,0.647195526315789,0.643555711538462,0.626226580645161,0.6378669375
"TVC.Nucleus.Sphericity.mean",0.634230772727273,0.61954310942029,0.630456672522522,0.632549118618619,0.630640399504951,0.628783503715332,0.62827330060241,0.619473159090909,0.635014492117117,0.626105382795699,0.62244476147541,0.629224599958229,0.629189326923077,0.605968336021505,0.6212033875
"TVC.Nucleus.Sphericity.SD",0.0143169573277005,0.0180470884022258,0.0150948413146697,0.0135667472463259,0.0167004710339717,0.0169172927133486,0.017746251229957,0.0135651686650183,0.00626798112987281,0.0164526473820699,0.0172225143846809,0.016636901340944,0.0138911652789893,0.0229941486867916,0.015548790395342
"TVC.Nucleus.Volume.frac.min",0.0668470338420235,0.0645110026794167,0.0723800304503125,0.160124908843295,0.0767417997987782,0.106565158282799,0.0776415920035283,0.0652873152101438,0.163880052647754,0.0712173423354606,0.108596686102015,0.07772116788634,0.06018176566076,0.0673160373334113,0.0657284958407063
"TVC.Nucleus.Volume.frac.max",0.109187141477857,0.170856746423575,0.14245834369593,0.232837941917902,0.223646722972778,0.254247759380305,0.18793230395316,0.09542516525253,0.20058084556104,0.154156259039787,0.244633072596913,0.164765828518826,0.104048433660553,0.119863678438079,0.139251842301704
"TVC.Nucleus.Volume.frac.mean",0.086905534459053,0.107218584892119,0.104677413652869,0.195965067309442,0.13305942098882,0.170280276186465,0.123578927068029,0.0801497815230448,0.181334387559489,0.108703104644942,0.167101188189807,0.11463405917571,0.0812122485843762,0.0906646022071214,0.0995499191266407
"TVC.Nucleus.Volume.frac.SD",0.019643385166329,0.0573976004126453,0.0343584590233284,0.0507743283910376,0.0623125650575358,0.0594298210883179,0.0437967643543775,0.0205108521638152,0.0243223141082407,0.0423128510056344,0.0611285109721633,0.0393371207128929,0.0210078481390666,0.0291919628502842,0.0342068187804549
"ATMgroup.Ellipticity..oblate.",0.0949327214876033,0.11207175826087,0.131390918918919,0.149918685585586,0.171944064356436,0.0165414615384615,0.152459587951807,0.104029593506494,0.135802460810811,0.118042383870968,0.157792055737705,0.164550766666667,0.0900714346153846,0.1571914,0.16986376875
"ATMgroup.Ellipticity..prolate.",0.627144702479339,0.643529617391304,0.622152027027027,0.611554378378378,0.628961683168317,0.0485240549450549,0.652081265060241,0.616586675324675,0.581221567567568,0.602910112903226,0.631073967213115,0.606127333333333,0.5712215,0.573040225806452,0.5678466875
"ATMgroup.Sphericity",0.623738123966942,0.6108876,0.629243423423423,0.640277504504504,0.688584059405941,0.0538113186813187,0.667377409638554,0.584761649350649,0.570446662162162,0.587975338709677,0.616973475409836,0.663271947368421,0.519657653846154,0.579511774193548,0.64916475
"TVCgroup.Ellipticity..oblate.",0.409429148760331,0.5689818,0.517296747747748,0.429015972972973,0.50965999009901,0.38204407032967,0.488611060240964,0.456563974025974,0.452464891891892,0.499440903225806,0.420163245901639,0.369337770175439,0.45756325,0.452214838709677,0.4758613125
"TVCgroup.Ellipticity..prolate.",0.409529487603306,0.284713330434783,0.329174388288288,0.422783954954955,0.33291304950495,0.44041556043956,0.35888743373494,0.397273597402597,0.392800756756757,0.327271290322581,0.42040568852459,0.437360614035088,0.339758365384615,0.391673225806452,0.3504549375
"TVCgroup.Sphericity",0.704604752066116,0.708236104347826,0.69595272972973,0.758407234234234,0.725916168316832,0.676185351648352,0.708055373493976,0.705890883116883,0.63899972972973,0.674935709677419,0.620217262295082,0.661078543859649,0.59288725,0.584467290322581,0.643617875
"TVC.Volume",0.293019894558275,0.336782187090907,0.332939062249468,0.362535004973603,0.599660046315287,0.972646818326111,0.636797559090861,0.163523352300024,0.272846776527964,0.340765548243448,0.65735822892786,0.463243513790074,0.268008650299606,0.299928234746081,0.367478683596282
"ATM.Volume",0.706980105441725,0.663217812909093,0.667060937750532,0.637464995026397,0.400339953684713,0.0273531816738887,0.363202440909139,0.836476647699976,0.727153223472036,0.659234451756552,0.34264177107214,0.536756486209926,0.731991349700394,0.700071765253918,0.632521316403718
